[{"model": "base.people", "pk": 1, "fields": {"first_name": "Robert", "last_name": "Johnson", "job_title": "Editorial Manager", "image": 8}}, {"model": "base.people", "pk": 2, "fields": {"first_name": "Howling", "last_name": "Wolf", "job_title": "Director", "image": 52}}, {"model": "base.people", "pk": 3, "fields": {"first_name": "Lightning", "last_name": "Hopkins", "job_title": "Designer", "image": 53}}, {"model": "base.people", "pk": 4, "fields": {"first_name": "Muddy", "last_name": "Waters", "job_title": "Assistant Editor", "image": 51}}, {"model": "base.footertext", "pk": 1, "fields": {"body": "<p>Copyright <b>The Wagtail Bakery</b>, 2017. All rights reserved.<br/><i>\"If you read a lot you're well read / If you eat a lot you're well bread.\"</i></p>"}}, {"model": "base.formfield", "pk": 1, "fields": {"sort_order": 0, "label": "Subject", "field_type": "singleline", "required": true, "choices": "", "default_value": "", "help_text": "", "page": 69}}, {"model": "base.formfield", "pk": 2, "fields": {"sort_order": 1, "label": "Your Name", "field_type": "singleline", "required": true, "choices": "", "default_value": "", "help_text": "", "page": 69}}, {"model": "base.formfield", "pk": 3, "fields": {"sort_order": 2, "label": "Your Email", "field_type": "email", "required": true, "choices": "", "default_value": "you@example.com", "help_text": "", "page": 69}}, {"model": "base.formfield", "pk": 4, "fields": {"sort_order": 3, "label": "Purpose", "field_type": "dropdown", "required": true, "choices": "Comment, Question, Feedback", "default_value": "", "help_text": "", "page": 69}}, {"model": "base.formfield", "pk": 5, "fields": {"sort_order": 4, "label": "Body", "field_type": "multiline", "required": true, "choices": "", "default_value": "", "help_text": "What's on your mind?", "page": 69}}, {"model": "blog.blogpeoplerelationship", "pk": 2, "fields": {"sort_order": 0, "page": 62, "people": 1}}, {"model": "blog.blogpeoplerelationship", "pk": 3, "fields": {"sort_order": 0, "page": 68, "people": 2}}, {"model": "blog.blogpeoplerelationship", "pk": 4, "fields": {"sort_order": 0, "page": 72, "people": 3}}, {"model": "blog.blogpeoplerelationship", "pk": 5, "fields": {"sort_order": 0, "page": 73, "people": 3}}, {"model": "blog.blogpeoplerelationship", "pk": 6, "fields": {"sort_order": 0, "page": 74, "people": 1}}, {"model": "blog.blogpeoplerelationship", "pk": 7, "fields": {"sort_order": 1, "page": 74, "people": 3}}, {"model": "blog.blogpeoplerelationship", "pk": 8, "fields": {"sort_order": 1, "page": 73, "people": 1}}, {"model": "blog.blogpeoplerelationship", "pk": 9, "fields": {"sort_order": 0, "page": 77, "people": 2}}, {"model": "blog.blogpagetag", "pk": 52, "fields": {"tag": 3, "content_object": 62}}, {"model": "blog.blogpagetag", "pk": 53, "fields": {"tag": 4, "content_object": 62}}, {"model": "blog.blogpagetag", "pk": 76, "fields": {"tag": 10, "content_object": 74}}, {"model": "blog.blogpagetag", "pk": 77, "fields": {"tag": 7, "content_object": 74}}, {"model": "blog.blogpagetag", "pk": 87, "fields": {"tag": 3, "content_object": 68}}, {"model": "blog.blogpagetag", "pk": 88, "fields": {"tag": 13, "content_object": 68}}, {"model": "blog.blogpagetag", "pk": 89, "fields": {"tag": 8, "content_object": 72}}, {"model": "blog.blogpagetag", "pk": 90, "fields": {"tag": 4, "content_object": 72}}, {"model": "blog.blogpagetag", "pk": 94, "fields": {"tag": 8, "content_object": 73}}, {"model": "blog.blogpagetag", "pk": 95, "fields": {"tag": 9, "content_object": 73}}, {"model": "blog.blogpagetag", "pk": 96, "fields": {"tag": 3, "content_object": 73}}, {"model": "blog.blogpagetag", "pk": 97, "fields": {"tag": 11, "content_object": 77}}, {"model": "breads.country", "pk": 1, "fields": {"title": "Egypt"}}, {"model": "breads.country", "pk": 2, "fields": {"title": "Slovenia"}}, {"model": "breads.country", "pk": 3, "fields": {"title": "United States (New England)"}}, {"model": "breads.country", "pk": 4, "fields": {"title": "Japan"}}, {"model": "breads.country", "pk": 5, "fields": {"title": "India (Kerala)\nSri Lanka"}}, {"model": "breads.country", "pk": 6, "fields": {"title": "South America (Northern)"}}, {"model": "breads.country", "pk": 7, "fields": {"title": "China (Northwestern Yunnan, Naxi people)"}}, {"model": "breads.country", "pk": 8, "fields": {"title": "Polish/Ashkenazi Jewish"}}, {"model": "breads.country", "pk": 9, "fields": {"title": "France"}}, {"model": "breads.country", "pk": 10, "fields": {"title": "Tibet (Central)"}}, {"model": "breads.country", "pk": 11, "fields": {"title": "Jamaica"}}, {"model": "breads.country", "pk": 12, "fields": {"title": "Scandinavia"}}, {"model": "breads.country", "pk": 13, "fields": {"title": "United Kingdom (Scotland)"}}, {"model": "breads.country", "pk": 14, "fields": {"title": "United Kingdom (Wales)"}}, {"model": "breads.country", "pk": 15, "fields": {"title": "Iran\nAfghanistan (northwestern)"}}, {"model": "breads.country", "pk": 16, "fields": {"title": "Ireland"}}, {"model": "breads.country", "pk": 17, "fields": {"title": "Italy"}}, {"model": "breads.country", "pk": 18, "fields": {"title": "Libya"}}, {"model": "breads.country", "pk": 19, "fields": {"title": "Turkey"}}, {"model": "breads.country", "pk": 20, "fields": {"title": "North America"}}, {"model": "breads.country", "pk": 21, "fields": {"title": "India\nPakistan"}}, {"model": "breads.country", "pk": 22, "fields": {"title": "Poland"}}, {"model": "breads.country", "pk": 23, "fields": {"title": "China"}}, {"model": "breads.country", "pk": 24, "fields": {"title": "Afghanistan"}}, {"model": "breads.country", "pk": 25, "fields": {"title": "Portugal (Madeira)"}}, {"model": "breads.breadingredient", "pk": 1, "fields": {"name": "Yeast"}}, {"model": "breads.breadingredient", "pk": 2, "fields": {"name": "Flour"}}, {"model": "breads.breadingredient", "pk": 3, "fields": {"name": "Water"}}, {"model": "breads.breadingredient", "pk": 4, "fields": {"name": "Cinnamon"}}, {"model": "breads.breadingredient", "pk": 5, "fields": {"name": "Salt"}}, {"model": "breads.breadtype", "pk": 1, "fields": {"title": "asdf"}}, {"model": "breads.breadtype", "pk": 2, "fields": {"title": "Flatbread"}}, {"model": "breads.breadtype", "pk": 3, "fields": {"title": "Buckwheat bread"}}, {"model": "breads.breadtype", "pk": 4, "fields": {"title": "Yeast bread"}}, {"model": "breads.breadtype", "pk": 5, "fields": {"title": "Sweet bun"}}, {"model": "breads.breadtype", "pk": 6, "fields": {"title": "Varies widely"}}, {"model": "breads.breadtype", "pk": 7, "fields": {"title": "Cornbread"}}, {"model": "breads.breadtype", "pk": 8, "fields": {"title": "Various thick, round breads"}}, {"model": "breads.breadtype", "pk": 9, "fields": {"title": "Sweet bread"}}, {"model": "breads.breadtype", "pk": 10, "fields": {"title": "Fruit bread"}}, {"model": "breads.breadtype", "pk": 11, "fields": {"title": "Unleavened bread"}}, {"model": "breads.breadtype", "pk": 12, "fields": {"title": "Quick or yeast bread"}}, {"model": "breads.breadtype", "pk": 13, "fields": {"title": "Waffle"}}, {"model": "breads.breadtype", "pk": 14, "fields": {"title": "Unleavened Flatbread"}}, {"model": "breads.breadtype", "pk": 15, "fields": {"title": "Yeast bread or unleavened"}}, {"model": "breads.breadtype", "pk": 16, "fields": {"title": "Rye bread"}}, {"model": "breads.breadtype", "pk": 17, "fields": {"title": "Bun"}}, {"model": "breads.breadtype", "pk": 18, "fields": {"title": "Pancake"}}, {"model": "locations.locationoperatinghours", "pk": 1, "fields": {"sort_order": 0, "day": "MON", "opening_time": "08:00:00", "closing_time": "18:00:00", "closed": false, "location": 64}}, {"model": "locations.locationoperatinghours", "pk": 2, "fields": {"sort_order": 1, "day": "TUES", "opening_time": "08:00:00", "closing_time": "20:00:00", "closed": false, "location": 64}}, {"model": "locations.locationoperatinghours", "pk": 3, "fields": {"sort_order": 2, "day": "WED", "opening_time": "08:00:00", "closing_time": "20:00:00", "closed": false, "location": 64}}, {"model": "locations.locationoperatinghours", "pk": 4, "fields": {"sort_order": 3, "day": "THUR", "opening_time": "08:00:00", "closing_time": "17:00:00", "closed": false, "location": 64}}, {"model": "locations.locationoperatinghours", "pk": 5, "fields": {"sort_order": 0, "day": "MON", "opening_time": "09:00:00", "closing_time": "18:00:00", "closed": false, "location": 65}}, {"model": "locations.locationoperatinghours", "pk": 6, "fields": {"sort_order": 1, "day": "TUES", "opening_time": "09:00:00", "closing_time": "20:00:00", "closed": false, "location": 65}}, {"model": "locations.locationoperatinghours", "pk": 7, "fields": {"sort_order": 2, "day": "WED", "opening_time": "06:00:00", "closing_time": "18:00:00", "closed": false, "location": 65}}, {"model": "locations.locationoperatinghours", "pk": 8, "fields": {"sort_order": 3, "day": "THUR", "opening_time": "09:00:00", "closing_time": "22:00:00", "closed": false, "location": 65}}, {"model": "locations.locationoperatinghours", "pk": 9, "fields": {"sort_order": 0, "day": "MON", "opening_time": "06:00:00", "closing_time": "20:00:00", "closed": false, "location": 66}}, {"model": "locations.locationoperatinghours", "pk": 10, "fields": {"sort_order": 1, "day": "TUES", "opening_time": "05:00:00", "closing_time": "21:00:00", "closed": false, "location": 66}}, {"model": "locations.locationoperatinghours", "pk": 11, "fields": {"sort_order": 2, "day": "WED", "opening_time": "08:00:00", "closing_time": "18:00:00", "closed": false, "location": 66}}, {"model": "locations.locationoperatinghours", "pk": 12, "fields": {"sort_order": 3, "day": "THUR", "opening_time": "07:00:00", "closing_time": "19:00:00", "closed": false, "location": 66}}, {"model": "locations.locationoperatinghours", "pk": 13, "fields": {"sort_order": 0, "day": "MON", "opening_time": "08:00:00", "closing_time": "18:00:00", "closed": false, "location": 67}}, {"model": "locations.locationoperatinghours", "pk": 14, "fields": {"sort_order": 1, "day": "TUES", "opening_time": null, "closing_time": null, "closed": true, "location": 67}}, {"model": "locations.locationoperatinghours", "pk": 15, "fields": {"sort_order": 2, "day": "WED", "opening_time": "09:00:00", "closing_time": "18:00:00", "closed": false, "location": 67}}, {"model": "locations.locationoperatinghours", "pk": 16, "fields": {"sort_order": 3, "day": "THUR", "opening_time": "09:00:00", "closing_time": "18:00:00", "closed": false, "location": 67}}, {"model": "locations.locationoperatinghours", "pk": 17, "fields": {"sort_order": 4, "day": "FRI", "opening_time": "09:00:00", "closing_time": "18:00:00", "closed": false, "location": 67}}, {"model": "locations.locationoperatinghours", "pk": 18, "fields": {"sort_order": 5, "day": "SAT", "opening_time": "07:00:00", "closing_time": "13:00:00", "closed": false, "location": 67}}, {"model": "locations.locationoperatinghours", "pk": 19, "fields": {"sort_order": 6, "day": "SUN", "opening_time": null, "closing_time": null, "closed": true, "location": 67}}, {"model": "locations.locationoperatinghours", "pk": 20, "fields": {"sort_order": 4, "day": "FRI", "opening_time": "09:00:00", "closing_time": "18:00:00", "closed": false, "location": 65}}, {"model": "locations.locationoperatinghours", "pk": 21, "fields": {"sort_order": 5, "day": "SAT", "opening_time": "09:00:00", "closing_time": "13:00:00", "closed": false, "location": 65}}, {"model": "locations.locationoperatinghours", "pk": 22, "fields": {"sort_order": 6, "day": "SUN", "opening_time": null, "closing_time": null, "closed": true, "location": 65}}, {"model": "locations.locationoperatinghours", "pk": 23, "fields": {"sort_order": 4, "day": "FRI", "opening_time": "08:00:00", "closing_time": "17:00:00", "closed": false, "location": 64}}, {"model": "locations.locationoperatinghours", "pk": 24, "fields": {"sort_order": 5, "day": "SAT", "opening_time": null, "closing_time": null, "closed": true, "location": 64}}, {"model": "locations.locationoperatinghours", "pk": 25, "fields": {"sort_order": 6, "day": "SUN", "opening_time": null, "closing_time": null, "closed": true, "location": 64}}, {"model": "locations.locationoperatinghours", "pk": 26, "fields": {"sort_order": 4, "day": "FRI", "opening_time": null, "closing_time": null, "closed": true, "location": 66}}, {"model": "locations.locationoperatinghours", "pk": 27, "fields": {"sort_order": 5, "day": "SAT", "opening_time": "07:00:00", "closing_time": "19:00:00", "closed": false, "location": 66}}, {"model": "locations.locationoperatinghours", "pk": 28, "fields": {"sort_order": 6, "day": "SUN", "opening_time": "09:00:00", "closing_time": "12:00:00", "closed": false, "location": 66}}, {"model": "locations.locationoperatinghours", "pk": 29, "fields": {"sort_order": 0, "day": "MON", "opening_time": "09:00:00", "closing_time": "18:00:00", "closed": false, "location": 78}}, {"model": "locations.locationoperatinghours", "pk": 30, "fields": {"sort_order": 1, "day": "TUES", "opening_time": "09:00:00", "closing_time": "20:00:00", "closed": false, "location": 78}}, {"model": "locations.locationoperatinghours", "pk": 31, "fields": {"sort_order": 2, "day": "WED", "opening_time": "06:00:00", "closing_time": "18:00:00", "closed": false, "location": 78}}, {"model": "locations.locationoperatinghours", "pk": 32, "fields": {"sort_order": 3, "day": "THUR", "opening_time": "09:00:00", "closing_time": "22:00:00", "closed": false, "location": 78}}, {"model": "locations.locationoperatinghours", "pk": 33, "fields": {"sort_order": 4, "day": "FRI", "opening_time": "09:00:00", "closing_time": "18:00:00", "closed": false, "location": 78}}, {"model": "locations.locationoperatinghours", "pk": 34, "fields": {"sort_order": 5, "day": "SAT", "opening_time": "09:00:00", "closing_time": "13:00:00", "closed": false, "location": 78}}, {"model": "locations.locationoperatinghours", "pk": 35, "fields": {"sort_order": 6, "day": "SUN", "opening_time": null, "closing_time": null, "closed": true, "location": 78}}, {"model": "locations.locationoperatinghours", "pk": 36, "fields": {"sort_order": 0, "day": "MON", "opening_time": "09:00:00", "closing_time": "18:00:00", "closed": false, "location": 79}}, {"model": "locations.locationoperatinghours", "pk": 37, "fields": {"sort_order": 1, "day": "TUES", "opening_time": "09:00:00", "closing_time": "20:00:00", "closed": false, "location": 79}}, {"model": "locations.locationoperatinghours", "pk": 38, "fields": {"sort_order": 2, "day": "WED", "opening_time": "06:00:00", "closing_time": "18:00:00", "closed": false, "location": 79}}, {"model": "locations.locationoperatinghours", "pk": 39, "fields": {"sort_order": 3, "day": "THUR", "opening_time": "09:00:00", "closing_time": "22:00:00", "closed": false, "location": 79}}, {"model": "locations.locationoperatinghours", "pk": 40, "fields": {"sort_order": 4, "day": "FRI", "opening_time": "09:00:00", "closing_time": "18:00:00", "closed": false, "location": 79}}, {"model": "locations.locationoperatinghours", "pk": 41, "fields": {"sort_order": 5, "day": "SAT", "opening_time": "09:00:00", "closing_time": "13:00:00", "closed": false, "location": 79}}, {"model": "locations.locationoperatinghours", "pk": 42, "fields": {"sort_order": 6, "day": "SUN", "opening_time": null, "closing_time": null, "closed": true, "location": 79}}, {"model": "wagtailforms.formsubmission", "pk": 1, "fields": {"form_data": "{\"purpose\": \"Feedback\", \"subject\": \"What's up?\", \"body\": \"Love what you guys are doing with the site so far.\", \"your-name\": \"Scot Hacker\", \"your-email\": \"shacker@birdhouse.org\"}", "page": 69, "submit_time": "2017-02-15T16:56:48.939Z"}}, {"model": "wagtailimages.rendition", "pk": 1, "fields": {"filter_spec": "fill-1920x600", "file": "images/breads1.2e16d0ba.fill-1920x600_YFIxzJ1.jpg", "width": 1080, "height": 339, "focal_point_key": "2e16d0ba", "image": 9}}, {"model": "wagtailimages.rendition", "pk": 2, "fields": {"filter_spec": "fill-200x200-c100", "file": "images/Breads_1.2e16d0ba.fill-200x200-c100_w9WKRM5.jpg", "width": 200, "height": 200, "focal_point_key": "2e16d0ba", "image": 37}}, {"model": "wagtailimages.rendition", "pk": 3, "fields": {"filter_spec": "fill-180x140-c100", "file": "images/Anadama_bread_1.2e16d0ba.fill-180x140-c100_0mYFIsZ.jpg", "width": 180, "height": 140, "focal_point_key": "2e16d0ba", "image": 26}}, {"model": "wagtailimages.rendition", "pk": 4, "fields": {"filter_spec": "fill-180x140-c100", "file": "images/Bean-jam-bunanpankatori-cityj.2e16d0ba.fill-180x140-c100_cpNymQa.jpg", "width": 180, "height": 140, "focal_point_key": "2e16d0ba", "image": 34}}, {"model": "wagtailimages.rendition", "pk": 5, "fields": {"filter_spec": "fill-180x140-c100", "file": "images/Appam_served_with_Coconut_Mil.2e16d0ba.fill-180x140-c100_YBuDn3J.jpg", "width": 180, "height": 140, "focal_point_key": "2e16d0ba", "image": 28}}, {"model": "wagtailimages.rendition", "pk": 6, "fields": {"filter_spec": "fill-180x140-c100", "file": "images/Arepa_asada.2e16d0ba.fill-180x140-c100_C1aLxrE.jpg", "width": 180, "height": 140, "focal_point_key": "2e16d0ba", "image": 29}}, {"model": "wagtailimages.rendition", "pk": 7, "fields": {"filter_spec": "fill-430x210-c100", "file": "images/hof-cornell-university-filter.df5c97ba.fill-430x210-c100_PS4SagH.jpg", "width": 430, "height": 210, "focal_point_key": "df5c97ba", "image": 46}}, {"model": "wagtailimages.rendition", "pk": 8, "fields": {"filter_spec": "fill-430x210-c100", "file": "images/reykjavik-sverrir-thorolfsson.2e16d0ba.fill-430x210-c100_L2FVT8T.jpg", "width": 430, "height": 210, "focal_point_key": "2e16d0ba", "image": 45}}, {"model": "wagtailimages.rendition", "pk": 9, "fields": {"filter_spec": "fill-430x210-c100", "file": "images/vik.2e16d0ba.fill-430x210-c100_hCnhx26.jpg", "width": 430, "height": 210, "focal_point_key": "2e16d0ba", "image": 47}}, {"model": "wagtailimages.rendition", "pk": 10, "fields": {"filter_spec": "fill-430x254-c100", "file": "images/yeast.2e16d0ba.fill-430x254-c100_4QS11qx.jpg", "width": 430, "height": 254, "focal_point_key": "2e16d0ba", "image": 21}}, {"model": "wagtailimages.rendition", "pk": 11, "fields": {"filter_spec": "fill-430x254-c100", "file": "images/Bedouins_making_bread.2e16d0ba.fill-430x254-c100_5ffeHMX.jpg", "width": 430, "height": 254, "focal_point_key": "2e16d0ba", "image": 22}}, {"model": "wagtailimages.rendition", "pk": 12, "fields": {"filter_spec": "fill-430x254-c100", "file": "images/Olandshvedebrod_6082070226.2e16d0ba.fill-430x254-c100_8fjV7EC.jpg", "width": 430, "height": 254, "focal_point_key": "2e16d0ba", "image": 23}}, {"model": "wagtailimages.rendition", "pk": 13, "fields": {"filter_spec": "fill-430x254-c100", "file": "images/bakingsoda.2e16d0ba.fill-430x254-c100_MPM53Xk.jpg", "width": 430, "height": 254, "focal_point_key": "2e16d0ba", "image": 42}}, {"model": "wagtailimages.rendition", "pk": 14, "fields": {"filter_spec": "fill-430x254-c100", "file": "images/sliced.2e16d0ba.fill-430x254-c100_kBqMGjP.jpg", "width": 430, "height": 254, "focal_point_key": "2e16d0ba", "image": 25}}, {"model": "wagtailimages.rendition", "pk": 15, "fields": {"filter_spec": "fill-430x254-c100", "file": "images/bostoncream.2e16d0ba.fill-430x254-c100_ASGfDzC.jpg", "width": 430, "height": 254, "focal_point_key": "2e16d0ba", "image": 43}}, {"model": "wagtailimages.rendition", "pk": 16, "fields": {"filter_spec": "max-165x165", "file": "images/breads1.max-165x165_ziG6IWE.jpg", "width": 165, "height": 126, "focal_point_key": "", "image": 9}}, {"model": "wagtailimages.rendition", "pk": 17, "fields": {"filter_spec": "max-165x165", "file": "images/Breads_1.max-165x165_EIrlCM6.jpg", "width": 165, "height": 109, "focal_point_key": "", "image": 37}}, {"model": "wagtailimages.rendition", "pk": 18, "fields": {"filter_spec": "max-165x165", "file": "images/lightnin_hopkins.max-165x165_xB0mNwU.jpg", "width": 150, "height": 162, "focal_point_key": "", "image": 53}}, {"model": "wagtailimages.rendition", "pk": 19, "fields": {"filter_spec": "max-165x165", "file": "images/howlin.max-165x165_qh86tN1.jpg", "width": 165, "height": 161, "focal_point_key": "", "image": 52}}, {"model": "wagtailimages.rendition", "pk": 20, "fields": {"filter_spec": "max-165x165", "file": "images/muddy_waters_hUPkmSW.max-165x165_GvEHZU5.jpg", "width": 150, "height": 165, "focal_point_key": "", "image": 51}}, {"model": "wagtailimages.rendition", "pk": 21, "fields": {"filter_spec": "max-165x165", "file": "images/Akranes.max-165x165_08pEA8a.jpg", "width": 165, "height": 110, "focal_point_key": "", "image": 49}}, {"model": "wagtailimages.rendition", "pk": 22, "fields": {"filter_spec": "max-165x165", "file": "images/Hofn.max-165x165_uwcqFeD.jpg", "width": 165, "height": 110, "focal_point_key": "", "image": 48}}, {"model": "wagtailimages.rendition", "pk": 23, "fields": {"filter_spec": "max-165x165", "file": "images/vik.max-165x165_VPe2jU6.jpg", "width": 165, "height": 115, "focal_point_key": "", "image": 47}}, {"model": "wagtailimages.rendition", "pk": 24, "fields": {"filter_spec": "max-165x165", "file": "images/hof-cornell-university-filter.max-165x165_gao292c.jpg", "width": 165, "height": 130, "focal_point_key": "", "image": 46}}, {"model": "wagtailimages.rendition", "pk": 25, "fields": {"filter_spec": "max-165x165", "file": "images/reykjavik-sverrir-thorolfsson.max-165x165_rJ82c9U.jpg", "width": 165, "height": 161, "focal_point_key": "", "image": 45}}, {"model": "wagtailimages.rendition", "pk": 26, "fields": {"filter_spec": "max-165x165", "file": "images/aevar-gudmundsson-selfoss.max-165x165_vR0TBwb.jpg", "width": 165, "height": 109, "focal_point_key": "", "image": 44}}, {"model": "wagtailimages.rendition", "pk": 27, "fields": {"filter_spec": "max-165x165", "file": "images/bostoncream.max-165x165_Ir9Yuae.jpg", "width": 165, "height": 110, "focal_point_key": "", "image": 43}}, {"model": "wagtailimages.rendition", "pk": 28, "fields": {"filter_spec": "max-165x165", "file": "images/bakingsoda.max-165x165_FmBf3Nt.jpg", "width": 165, "height": 109, "focal_point_key": "", "image": 42}}, {"model": "wagtailimages.rendition", "pk": 29, "fields": {"filter_spec": "max-165x165", "file": "images/sprint_crew.max-165x165_SGIQvaj.jpg", "width": 165, "height": 123, "focal_point_key": "", "image": 41}}, {"model": "wagtailimages.rendition", "pk": 30, "fields": {"filter_spec": "max-165x165", "file": "images/breads2.max-165x165_gKIYTdU.jpg", "width": 154, "height": 165, "focal_point_key": "", "image": 10}}, {"model": "wagtailimages.rendition", "pk": 31, "fields": {"filter_spec": "fill-1920x600", "file": "images/bakingsoda.2e16d0ba.fill-1920x600_YrrjdIv.jpg", "width": 1024, "height": 320, "focal_point_key": "2e16d0ba", "image": 42}}, {"model": "wagtailsearch.query", "pk": 1, "fields": {"query_string": "chocolate"}}, {"model": "wagtailsearch.query", "pk": 2, "fields": {"query_string": "london"}}, {"model": "wagtailsearch.query", "pk": 3, "fields": {"query_string": "circus"}}, {"model": "wagtailsearch.querydailyhits", "pk": 1, "fields": {"query": 1, "date": "2017-02-11", "hits": 2}}, {"model": "wagtailsearch.querydailyhits", "pk": 2, "fields": {"query": 2, "date": "2017-02-15", "hits": 1}}, {"model": "wagtailsearch.querydailyhits", "pk": 3, "fields": {"query": 3, "date": "2017-02-24", "hits": 1}}, {"model": "wagtailcore.site", "pk": 2, "fields": {"hostname": "127.0.0.1", "port": 8000, "site_name": "Wagtail Bakery", "root_page": 60, "is_default_site": true}}, {"model": "wagtailcore.collection", "pk": 1, "fields": {"path": "0001", "depth": 1, "numchild": 3, "name": "Root"}}, {"model": "wagtailcore.collection", "pk": 2, "fields": {"path": "00010001", "depth": 2, "numchild": 0, "name": "Bakeries"}}, {"model": "wagtailcore.collection", "pk": 3, "fields": {"path": "00010002", "depth": 2, "numchild": 0, "name": "Other"}}, {"model": "wagtailcore.collection", "pk": 4, "fields": {"path": "00010003", "depth": 2, "numchild": 0, "name": "BreadPage Images"}}, {"model": "taggit.tag", "pk": 1, "fields": {"name": "pineapple", "slug": "pineapple"}}, {"model": "taggit.tag", "pk": 2, "fields": {"name": "bike", "slug": "bike"}}, {"model": "taggit.tag", "pk": 3, "fields": {"name": "yeast", "slug": "yeast"}}, {"model": "taggit.tag", "pk": 4, "fields": {"name": "fermentation", "slug": "fermentation"}}, {"model": "taggit.tag", "pk": 5, "fields": {"name": "economics", "slug": "economics"}}, {"model": "taggit.tag", "pk": 6, "fields": {"name": "europe", "slug": "europe"}}, {"model": "taggit.tag", "pk": 7, "fields": {"name": "baking", "slug": "baking"}}, {"model": "taggit.tag", "pk": 8, "fields": {"name": "grain", "slug": "grain"}}, {"model": "taggit.tag", "pk": 9, "fields": {"name": "soda", "slug": "soda"}}, {"model": "taggit.tag", "pk": 10, "fields": {"name": "sandwich", "slug": "sandwich"}}, {"model": "taggit.tag", "pk": 11, "fields": {"name": "dessert", "slug": "dessert"}}, {"model": "taggit.tag", "pk": 12, "fields": {"name": "pie", "slug": "pie"}}, {"model": "taggit.tag", "pk": 13, "fields": {"name": "fire", "slug": "fire"}}, {"model": "contenttypes.contenttype", "pk": 1, "fields": {"app_label": "wagtailcore", "model": "page"}}, {"model": "contenttypes.contenttype", "pk": 2, "fields": {"app_label": "wagtailimages", "model": "image"}}, {"model": "contenttypes.contenttype", "pk": 3, "fields": {"app_label": "wagtailadmin", "model": "admin"}}, {"model": "contenttypes.contenttype", "pk": 4, "fields": {"app_label": "wagtaildocs", "model": "document"}}, {"model": "contenttypes.contenttype", "pk": 5, "fields": {"app_label": "base", "model": "footertext"}}, {"model": "contenttypes.contenttype", "pk": 6, "fields": {"app_label": "base", "model": "formfield"}}, {"model": "contenttypes.contenttype", "pk": 7, "fields": {"app_label": "base", "model": "formpage"}}, {"model": "contenttypes.contenttype", "pk": 8, "fields": {"app_label": "base", "model": "gallerypage"}}, {"model": "contenttypes.contenttype", "pk": 9, "fields": {"app_label": "base", "model": "homepage"}}, {"model": "contenttypes.contenttype", "pk": 10, "fields": {"app_label": "base", "model": "people"}}, {"model": "contenttypes.contenttype", "pk": 11, "fields": {"app_label": "base", "model": "standardpage"}}, {"model": "contenttypes.contenttype", "pk": 12, "fields": {"app_label": "blog", "model": "blogindexpage"}}, {"model": "contenttypes.contenttype", "pk": 13, "fields": {"app_label": "blog", "model": "blogpage"}}, {"model": "contenttypes.contenttype", "pk": 14, "fields": {"app_label": "blog", "model": "blogpagetag"}}, {"model": "contenttypes.contenttype", "pk": 15, "fields": {"app_label": "blog", "model": "blogpeoplerelationship"}}, {"model": "contenttypes.contenttype", "pk": 16, "fields": {"app_label": "breads", "model": "breadingredient"}}, {"model": "contenttypes.contenttype", "pk": 17, "fields": {"app_label": "breads", "model": "breadpage"}}, {"model": "contenttypes.contenttype", "pk": 18, "fields": {"app_label": "breads", "model": "breadsindexpage"}}, {"model": "contenttypes.contenttype", "pk": 19, "fields": {"app_label": "breads", "model": "breadtype"}}, {"model": "contenttypes.contenttype", "pk": 20, "fields": {"app_label": "breads", "model": "country"}}, {"model": "contenttypes.contenttype", "pk": 21, "fields": {"app_label": "locations", "model": "locationoperatinghours"}}, {"model": "contenttypes.contenttype", "pk": 22, "fields": {"app_label": "locations", "model": "locationpage"}}, {"model": "contenttypes.contenttype", "pk": 23, "fields": {"app_label": "locations", "model": "locationsindexpage"}}, {"model": "contenttypes.contenttype", "pk": 24, "fields": {"app_label": "wagtailsearchpromotions", "model": "searchpromotion"}}, {"model": "contenttypes.contenttype", "pk": 25, "fields": {"app_label": "wagtailforms", "model": "formsubmission"}}, {"model": "contenttypes.contenttype", "pk": 26, "fields": {"app_label": "wagtailredirects", "model": "redirect"}}, {"model": "contenttypes.contenttype", "pk": 27, "fields": {"app_label": "wagtailembeds", "model": "embed"}}, {"model": "contenttypes.contenttype", "pk": 28, "fields": {"app_label": "wagtailusers", "model": "userprofile"}}, {"model": "contenttypes.contenttype", "pk": 29, "fields": {"app_label": "wagtailimages", "model": "rendition"}}, {"model": "contenttypes.contenttype", "pk": 30, "fields": {"app_label": "wagtailsearch", "model": "query"}}, {"model": "contenttypes.contenttype", "pk": 31, "fields": {"app_label": "wagtailsearch", "model": "querydailyhits"}}, {"model": "contenttypes.contenttype", "pk": 32, "fields": {"app_label": "wagtailcore", "model": "grouppagepermission"}}, {"model": "contenttypes.contenttype", "pk": 33, "fields": {"app_label": "wagtailcore", "model": "pagerevision"}}, {"model": "contenttypes.contenttype", "pk": 34, "fields": {"app_label": "wagtailcore", "model": "pageviewrestriction"}}, {"model": "contenttypes.contenttype", "pk": 35, "fields": {"app_label": "wagtailcore", "model": "site"}}, {"model": "contenttypes.contenttype", "pk": 36, "fields": {"app_label": "wagtailcore", "model": "collection"}}, {"model": "contenttypes.contenttype", "pk": 37, "fields": {"app_label": "wagtailcore", "model": "groupcollectionpermission"}}, {"model": "contenttypes.contenttype", "pk": 38, "fields": {"app_label": "wagtailcore", "model": "collectionviewrestriction"}}, {"model": "contenttypes.contenttype", "pk": 39, "fields": {"app_label": "taggit", "model": "tag"}}, {"model": "contenttypes.contenttype", "pk": 40, "fields": {"app_label": "taggit", "model": "taggeditem"}}, {"model": "contenttypes.contenttype", "pk": 41, "fields": {"app_label": "admin", "model": "logentry"}}, {"model": "contenttypes.contenttype", "pk": 42, "fields": {"app_label": "auth", "model": "permission"}}, {"model": "contenttypes.contenttype", "pk": 43, "fields": {"app_label": "auth", "model": "group"}}, {"model": "contenttypes.contenttype", "pk": 44, "fields": {"app_label": "auth", "model": "user"}}, {"model": "contenttypes.contenttype", "pk": 45, "fields": {"app_label": "contenttypes", "model": "contenttype"}}, {"model": "contenttypes.contenttype", "pk": 46, "fields": {"app_label": "sessions", "model": "session"}}, {"model": "contenttypes.contenttype", "pk": 47, "fields": {"app_label": "postgres_search", "model": "indexentry"}}, {"model": "sessions.session", "pk": "33mx9788er41rg9gxhya8d6uvleamn97", "fields": {"session_data": "MTU2NjEyOGQ4OTFiZTljNTFmM2Y0MTU0ZjlkOTU3MTk1YmMzZDI1ZTp7Il9hdXRoX3VzZXJfaWQiOiIzIiwiX2F1dGhfdXNlcl9iYWNrZW5kIjoiZGphbmdvLmNvbnRyaWIuYXV0aC5iYWNrZW5kcy5Nb2RlbEJhY2tlbmQiLCJfYXV0aF91c2VyX2hhc2giOiJmZmRjZGY3NWJiNjY5NmFhNjhkMjA1NWE5Y2IxYmQ0OWU3OGYyNjY4In0=", "expire_date": "2019-01-05T13:01:20.727Z"}}, {"model": "postgres_search.indexentry", "pk": 1, "fields": {"content_type": 1, "object_id": "1", "autocomplete": "'root':1B", "body": ""}}, {"model": "postgres_search.indexentry", "pk": 2, "fields": {"content_type": 10, "object_id": "1", "autocomplete": "", "body": "'johnson':2 'robert':1"}}, {"model": "postgres_search.indexentry", "pk": 3, "fields": {"content_type": 10, "object_id": "2", "autocomplete": "", "body": "'howling':1 'wolf':2"}}, {"model": "postgres_search.indexentry", "pk": 4, "fields": {"content_type": 10, "object_id": "3", "autocomplete": "", "body": "'hopkin':2 'lightning':1"}}, {"model": "postgres_search.indexentry", "pk": 5, "fields": {"content_type": 10, "object_id": "4", "autocomplete": "", "body": "'muddy':1 'water':2"}}, {"model": "postgres_search.indexentry", "pk": 7, "fields": {"content_type": 2, "object_id": "8", "autocomplete": "'johnson':2A 'robert':1A", "body": ""}}, {"model": "postgres_search.indexentry", "pk": 8, "fields": {"content_type": 2, "object_id": "9", "autocomplete": "'1':2A 'bread':1A", "body": ""}}, {"model": "postgres_search.indexentry", "pk": 9, "fields": {"content_type": 2, "object_id": "10", "autocomplete": "'2':2A 'bread':1A", "body": ""}}, {"model": "postgres_search.indexentry", "pk": 10, "fields": {"content_type": 2, "object_id": "11", "autocomplete": "'3':2A 'bread':1A", "body": ""}}, {"model": "postgres_search.indexentry", "pk": 11, "fields": {"content_type": 2, "object_id": "12", "autocomplete": "'4':2A 'bread':1A", "body": ""}}, {"model": "postgres_search.indexentry", "pk": 12, "fields": {"content_type": 2, "object_id": "14", "autocomplete": "'5':2A 'bread':1A", "body": ""}}, {"model": "postgres_search.indexentry", "pk": 13, "fields": {"content_type": 2, "object_id": "15", "autocomplete": "'6':2A 'bread':1A", "body": ""}}, {"model": "postgres_search.indexentry", "pk": 14, "fields": {"content_type": 2, "object_id": "21", "autocomplete": "'yeast':1A", "body": ""}}, {"model": "postgres_search.indexentry", "pk": 15, "fields": {"content_type": 2, "object_id": "22", "autocomplete": "'bedouin':1A", "body": ""}}, {"model": "postgres_search.indexentry", "pk": 16, "fields": {"content_type": 2, "object_id": "23", "autocomplete": "'olandshvedebrod':1A", "body": ""}}, {"model": "postgres_search.indexentry", "pk": 17, "fields": {"content_type": 2, "object_id": "24", "autocomplete": "'bread':2A 'sod':1A", "body": ""}}, {"model": "postgres_search.indexentry", "pk": 18, "fields": {"content_type": 2, "object_id": "25", "autocomplete": "'bread':2A 'sandwich':1A", "body": ""}}, {"model": "postgres_search.indexentry", "pk": 19, "fields": {"content_type": 2, "object_id": "26", "autocomplete": "'anadam':1A 'bread':2A", "body": ""}}, {"model": "postgres_search.indexentry", "pk": 20, "fields": {"content_type": 2, "object_id": "28", "autocomplete": "'appam':1A", "body": ""}}, {"model": "postgres_search.indexentry", "pk": 21, "fields": {"content_type": 2, "object_id": "29", "autocomplete": "'arep':1A", "body": ""}}, {"model": "postgres_search.indexentry", "pk": 22, "fields": {"content_type": 2, "object_id": "30", "autocomplete": "'bagel':1A", "body": ""}}, {"model": "postgres_search.indexentry", "pk": 23, "fields": {"content_type": 2, "object_id": "31", "autocomplete": "'baguet':1A", "body": ""}}, {"model": "postgres_search.indexentry", "pk": 24, "fields": {"content_type": 2, "object_id": "32", "autocomplete": "'bamm':1A", "body": ""}}, {"model": "postgres_search.indexentry", "pk": 25, "fields": {"content_type": 2, "object_id": "33", "autocomplete": "'bazin':1A", "body": ""}}, {"model": "postgres_search.indexentry", "pk": 26, "fields": {"content_type": 2, "object_id": "34", "autocomplete": "'bunanpankator':1A", "body": ""}}, {"model": "postgres_search.indexentry", "pk": 27, "fields": {"content_type": 2, "object_id": "35", "autocomplete": "'belgian':1A 'waffl':2A", "body": ""}}, {"model": "postgres_search.indexentry", "pk": 28, "fields": {"content_type": 2, "object_id": "36", "autocomplete": "'afghan':1A 'bolan':2A", "body": ""}}, {"model": "postgres_search.indexentry", "pk": 29, "fields": {"content_type": 2, "object_id": "37", "autocomplete": "'bread':2A 'misc':1A", "body": ""}}, {"model": "postgres_search.indexentry", "pk": 30, "fields": {"content_type": 2, "object_id": "39", "autocomplete": "'bread':2A 'rye':1A", "body": ""}}, {"model": "postgres_search.indexentry", "pk": 31, "fields": {"content_type": 2, "object_id": "40", "autocomplete": "'bhakr':1A", "body": ""}}, {"model": "postgres_search.indexentry", "pk": 32, "fields": {"content_type": 2, "object_id": "41", "autocomplete": "'crew':2A 'sprint':1A", "body": ""}}, {"model": "postgres_search.indexentry", "pk": 33, "fields": {"content_type": 2, "object_id": "42", "autocomplete": "'baking':1A 'sod':2A", "body": ""}}, {"model": "postgres_search.indexentry", "pk": 34, "fields": {"content_type": 2, "object_id": "43", "autocomplete": "'boston':1A 'cream':2A 'pi':3A", "body": ""}}, {"model": "postgres_search.indexentry", "pk": 35, "fields": {"content_type": 2, "object_id": "44", "autocomplete": "'aevar':3A 'by':2A 'gudmundsson':4A 'imag':1A", "body": ""}}, {"model": "postgres_search.indexentry", "pk": 36, "fields": {"content_type": 2, "object_id": "45", "autocomplete": "'by':2A 'imag':1A 'sverr':3A 'thorolfsson':4A", "body": ""}}, {"model": "postgres_search.indexentry", "pk": 37, "fields": {"content_type": 2, "object_id": "46", "autocomplete": "'descending':2A 'glaci':1A 'hof':4A 'near':3A", "body": ""}}, {"model": "postgres_search.indexentry", "pk": 38, "fields": {"content_type": 2, "object_id": "47", "autocomplete": "'abov':3A 'building':2A 'old':1A 'vik':4A", "body": ""}}, {"model": "postgres_search.indexentry", "pk": 39, "fields": {"content_type": 2, "object_id": "48", "autocomplete": "'abov':3A 'from':2A 'hofn':1A", "body": ""}}, {"model": "postgres_search.indexentry", "pk": 40, "fields": {"content_type": 2, "object_id": "49", "autocomplete": "'arkran':1A", "body": ""}}, {"model": "postgres_search.indexentry", "pk": 41, "fields": {"content_type": 2, "object_id": "51", "autocomplete": "'muddy':1A 'water':2A", "body": ""}}, {"model": "postgres_search.indexentry", "pk": 42, "fields": {"content_type": 2, "object_id": "52", "autocomplete": "'howlin':1A 'wolf':2A", "body": ""}}, {"model": "postgres_search.indexentry", "pk": 43, "fields": {"content_type": 2, "object_id": "53", "autocomplete": "'hopkin':2A 'lightnin':1A", "body": ""}}, {"model": "postgres_search.indexentry", "pk": 44, "fields": {"content_type": 22, "object_id": "64", "autocomplete": "'hof':1B", "body": "'2':2 '785':4 'apple':184 'bar':8,16,130 'bean':75,158 'bear':84,89,191,236 'biscuit':17,223 'bonbon':101 'cak':34,40,45,56,83,90,100,143,164,167,182,186,188,216,227,228,239 'can':37,243 'candy':36,38,58,70,72,81,128,147,148,154,176,194,205,222,242 'caramel':18,60,68,110,174,213 'carrot':44 'chocolat':7,15,39,43,53,55,99,129,163,187,198,218,226,238 'chup':12,13,103,104,111,112,119,120,124,125,170,171,189,190,224,225 'claw':85,192,237 'cook':20 'cotton':57,71,80,146,153,175,193,204 'cream':208,221 'croiss':49 'cupcak':86,105,235 'danish':229 'dessert':118,137,169 'donut':52,203 'drage':107,168,202 'drop':66 'fruitcak':116,140,165 'gingerbread':73,211 'gumm':31,88,144,210 'h3':96 'halvah':46 'hof':1 'i':9,22,27,41,47,50,63,155,159,161,195,200,232,240 'ice':207,220 'iceland':6 'icing':33,102,109 'jelly':74,77,135,139,157,178 'jelly-o':76,134,177 'jujub':29,141,206 'laekjarhus':3 'lemon':65 'liquoric':219 'lollipop':19 'lov':10,23,28,42,48,51,64,156,160,162,196,201,233,241 'macaroon':21,30,138,217,234 'marshmallow':142,197,209 'marzipan':11,172,212 'mor':95 'muffin':97,114,152 'nev':91 'no':93 'o':78,136,179 'oat':166 'oraef':5 'pastry':35,87,115,117,149 'pi':61,173,180,185 'plum':122 'powd':150 'pudding':25,32,69,106 'roll':127,215 'say':92 'sesam':132,230 'snap':133,231 'souffl':14,59,82,108,131,145,183 'sugar':121 'sweet':54,113,181,199 'tart':24 'tiramisu':62,79 'to':94 'toots':126,214 'topping':26,67,151 'waf':98,123"}}, {"model": "postgres_search.indexentry", "pk": 45, "fields": {"content_type": 22, "object_id": "65", "autocomplete": "'reykjavik':1B", "body": "'101':3 '36':2 'apple':73 'bar':44,140,152 'bean':111,154 'bear':54,66,116 'biscuit':13,57 'bonbon':42,72 'cak':10,60,78,102,133,159 'can':50,56,104 'candy':49,55,87,103,131 'caramel':45,82 'cheesecak':108 'chocolat':43,101,128,139,151,158 'chup':29,30,96,97 'cook':33,144,146 'cotton':86,130 'cream':85,100,114,120 'dessert':14,95 'donut':46 'drage':98 'drop':38,64,68,135 'fruitcak':39 'gingerbread':6 'gumm':17,53,65,77,115,155 'halvah':61 'ice':84,99,113,119 'iceland':5 'jelly':26,89,110,132,142,153 'jelly-o':25,88,141 'jujub':7,19,51,126,156 'laugavegur':1 'lemon':37,63,67,134 'liquoric':41,112,124 'lollipop':9,22,71,117,127,136 'macaroon':21,34,40 'marzipan':31 'o':27,90,143 'oat':59 'pastry':47,58,62,148 'pi':74,121 'plum':76,94,106,150 'powd':20,52,69 'pudding':8,12,18,107 'reykjavik':4 'roll':16,24,36,81,92,123,138 'souffl':79 'sugar':75,93,105,149 'sweet':11,15,23,80,91,122,157 'tart':32,70,109 'tiramisu':28,118,125,129 'toffe':83,147 'toots':35,137 'waf':48,145"}}, {"model": "postgres_search.indexentry", "pk": 46, "fields": {"content_type": 22, "object_id": "66", "autocomplete": "'vik':1B", "body": "'1':2 '870':3 'amet':10 'apple':49,147 'bar':33,81,117 'bean':60,110,146 'bear':12,63,85 'biscuit':156,157 'bonbon':18,97 'brown':151 'cak':11,41,42,43,91,112,123,130,135,144 'can':138 'candy':104,119,129,137 'caramel':57,152 'carrot':40,134 'cheesecak':14,51,70,82 'chocolat':32,56,71,77,80,111,116 'chup':153,154 'claw':13 'cook':38 'cotton':118,128 'cream':150 'croiss':158 'cupcak':6,29,34,58,66,100,106,107,139 'danish':35 'dessert':115 'dolor':8 'donut':16,37,132 'drage':22,67 'drop':74,76,114 'fruitcak':64,105,159 'gingerbread':31,65,131 'gumm':25,62,84,127 'h3':55 'ice':149 'iceland':5 'icing':61,96,121 'ipsum':7 'jelly':59,72,109,145 'jujub':30 'klettsveg':1 'lemon':73,75,113 'macaroon':24,44,92,133 'marshmallow':15,125 'marzipan':48,141,155 'muffin':36,45 'now':52 'oat':122,143 'pastry':120,160,161 'pi':50,90,136,148 'plum':94 'powd':140 'roll':20,27,69,99 'sesam':46,78,87,101 'sit':9 'snap':47,79,88,102 'souffl':39,108 'sugar':54,93 'sweet':23,86,98,142 'tiramisu':21,83 'toffe':28,95,103 'toots':19,26,68 'topping':17,126 'vik':4 'waf':89,124 'with':53"}}, {"model": "postgres_search.indexentry", "pk": 47, "fields": {"content_type": 22, "object_id": "67", "autocomplete": "'selfoss':1B", "body": "'800':2 'an':149 'apple':169 'awesom':150 'bar':29,121,136,191 'bean':23,52,74,162,168,199 'bear':57 'biscuit':133 'bonbon':24,70,173 'brown':111,141,153,189 'cak':47,66,75,78,81,84,93,95,113,131,138,144,159,175,193 'can':13,64,90,203 'candy':10,12,63,89,99,107,172,177,202 'caramel':148 'carrot':65,77,80,158,174 'cheesecak':94,132,146,160 'chocolat':28,43,59,92,112,120,130,135,186,190,205,206,208 'chup':49,50,60,61 'cook':19,42,97,118,194,207,209,210 'cotton':106 'cream':69 'croiss':20,67 'cupcak':45,85 'danish':27,179 'drage':119 'drop':115 'eyravegur':1 'fruitcak':9,38,142 'gingerbread':53,163,171 'gumm':48,56,58,79,178 'h3':152 'halvah':98 'heading':151 'ice':68 'iceland':4 'icing':145 'jelly':6,22,51,62,73,87,125,161,167,184,198 'jelly-o':5,86,124,183 'jujub':41,129,201 'lemon':114 'liquoric':127,147,197 'lollipop':34,96,164 'macaroon':14,82,91 'marshmallow':11,15,16,134,155,165 'marzipan':8,31,154 'o':7,88,126,185 'oat':137,143,192 'pastry':176,188 'pi':170 'plum':72,102,123,196 'pudding':30,46,157,180,211 'roll':33,40,117 'selfoss':3 'sesam':17,25,35,54,104,109 'snap':18,26,36,55,105,110 'souffl':37,140 'sugar':71,101,122,195 'sweet':116,200,204 'tart':156,182,213 'tiramisu':76,166 'toffe':128,212 'toots':32,39 'topping':44,100,103,108,181 'waf':21,83,139,187"}}, {"model": "postgres_search.indexentry", "pk": 48, "fields": {"content_type": 22, "object_id": "78", "autocomplete": "'hofn':1B", "body": "'780':2 'apple':74 'bar':45,141,153 'bean':112,155 'bear':55,67,117 'biscuit':14,58 'bonbon':43,73 'cak':11,61,79,103,134,160 'can':51,57,105 'candy':50,56,88,104,132 'caramel':46,83 'cheesecak':109 'chocolat':44,102,129,140,152,159 'chup':30,31,97,98 'cook':34,145,147 'cotton':87,131 'cream':86,101,115,121 'dessert':15,96 'donut':47 'drage':99 'drop':39,65,69,136 'fruitcak':40 'gingerbread':7 'gumm':18,54,66,78,116,156 'hafnarbraut':1 'halvah':62 'hofn':3 'hornafird':5 'i':4 'ice':85,100,114,120 'iceland':6 'jelly':27,90,111,133,143,154 'jelly-o':26,89,142 'jujub':8,20,52,127,157 'lemon':38,64,68,135 'liquoric':42,113,125 'lollipop':10,23,72,118,128,137 'macaroon':22,35,41 'marzipan':32 'o':28,91,144 'oat':60 'pastry':48,59,63,149 'pi':75,122 'plum':77,95,107,151 'powd':21,53,70 'pudding':9,13,19,108 'roll':17,25,37,82,93,124,139 'souffl':80 'sugar':76,94,106,150 'sweet':12,16,24,81,92,123,158 'tart':33,71,110 'tiramisu':29,119,126,130 'toffe':84,148 'toots':36,138 'waf':49,146"}}, {"model": "postgres_search.indexentry", "pk": 49, "fields": {"content_type": 22, "object_id": "79", "autocomplete": "'akran':1B", "body": "'300':3 '43':2 'akran':4 'apple':73 'bar':44,140,152 'bean':111,154 'bear':54,66,116 'biscuit':13,57 'bonbon':42,72 'cak':10,60,78,102,133,159 'can':50,56,104 'candy':49,55,87,103,131 'caramel':45,82 'cheesecak':108 'chocolat':43,101,128,139,151,158 'chup':29,30,96,97 'cook':33,144,146 'cotton':86,130 'cream':85,100,114,120 'dessert':14,95 'donut':46 'drage':98 'drop':38,64,68,135 'fruitcak':39 'gingerbread':6 'gumm':17,53,65,77,115,155 'halvah':61 'ice':84,99,113,119 'iceland':5 'jelly':26,89,110,132,142,153 'jelly-o':25,88,141 'jujub':7,19,51,126,156 'lemon':37,63,67,134 'liquoric':41,112,124 'lollipop':9,22,71,117,127,136 'macaroon':21,34,40 'marzipan':31 'o':27,90,143 'oat':59 'pastry':47,58,62,148 'pi':74,121 'plum':76,94,106,150 'powd':20,52,69 'pudding':8,12,18,107 'roll':16,24,36,81,92,123,138 'skagabraut':1 'souffl':79 'sugar':75,93,105,149 'sweet':11,15,23,80,91,122,157 'tart':32,70,109 'tiramisu':28,118,125,129 'toffe':83,147 'toots':35,137 'waf':48,145"}}, {"model": "postgres_search.indexentry", "pk": 50, "fields": {"content_type": 23, "object_id": "63", "autocomplete": "'locat':1B", "body": ""}}, {"model": "postgres_search.indexentry", "pk": 51, "fields": {"content_type": 18, "object_id": "3", "autocomplete": "", "body": ""}}, {"model": "postgres_search.indexentry", "pk": 52, "fields": {"content_type": 17, "object_id": "34", "autocomplete": "", "body": ""}}, {"model": "postgres_search.indexentry", "pk": 53, "fields": {"content_type": 17, "object_id": "35", "autocomplete": "", "body": ""}}, {"model": "postgres_search.indexentry", "pk": 54, "fields": {"content_type": 17, "object_id": "36", "autocomplete": "", "body": ""}}, {"model": "postgres_search.indexentry", "pk": 55, "fields": {"content_type": 17, "object_id": "37", "autocomplete": "", "body": ""}}, {"model": "postgres_search.indexentry", "pk": 56, "fields": {"content_type": 17, "object_id": "39", "autocomplete": "", "body": ""}}, {"model": "postgres_search.indexentry", "pk": 57, "fields": {"content_type": 17, "object_id": "40", "autocomplete": "", "body": ""}}, {"model": "postgres_search.indexentry", "pk": 58, "fields": {"content_type": 17, "object_id": "42", "autocomplete": "", "body": ""}}, {"model": "postgres_search.indexentry", "pk": 59, "fields": {"content_type": 17, "object_id": "49", "autocomplete": "", "body": ""}}, {"model": "postgres_search.indexentry", "pk": 60, "fields": {"content_type": 17, "object_id": "53", "autocomplete": "", "body": ""}}, {"model": "postgres_search.indexentry", "pk": 61, "fields": {"content_type": 17, "object_id": "57", "autocomplete": "", "body": ""}}, {"model": "postgres_search.indexentry", "pk": 62, "fields": {"content_type": 17, "object_id": "59", "autocomplete": "", "body": ""}}, {"model": "postgres_search.indexentry", "pk": 63, "fields": {"content_type": 12, "object_id": "61", "autocomplete": "", "body": ""}}, {"model": "postgres_search.indexentry", "pk": 64, "fields": {"content_type": 13, "object_id": "62", "autocomplete": "", "body": "'-4':94 '1':27,33,41 '10':272 '11':302 '12':334 '2':34 '3':35,93 '4':47 '40':104 '5':57 '500':28 '6':81 '7':108 '8':200 '9':242 'a':204,284,297 'ability':63 'about':231 'ago':25 'albican':250 'alcohol':181,196 'alcoholic':198 'all':43 'also':203 'although':98 'ancestor':56 'and':26,89,115,180,194,214,238,254,273,320 'are':2,30,37,49,159,251,328 'ascomycot':319,338 'asexually':112 'asymmetric':121 'baking':193 'basidiomycot':322 'be':139 'been':190,263 'beverag':199 'biofuel':278 'biology':212,233,241 'both':151 'budding':73,126,324 'but':303 'by':68,113,119,168,311 'called':160 'can':101,138,149,255 'candid':249 'carbohydrat':176 'carbon':178,187 'caus':256 'cel':74,211,237,271 'celled':6,135 'centrally':205 'cerevisia':174,301 'characteristic':67 'classified':8,329 'common':342 'condit':158 'connected':72 'constitut':40 'contrast':127 'contrasted':140 'convert':175 'creativ':341 'currently':31 'depending':86,153 'described':44 'develop':65 'diamet':97 'dimorphic':161,163 'dioxid':179,188 'diversity':306 'divis':122 'do':117,281 'electricity':267 'environment':90 'estimated':38 'ethanol':275 'eukaryotic':3,222,236 'evolved':53 'fals':79 'ferment':169 'for':182,276,299 'form':152,167,283 'forming':69 'from':54 'fuel':270 'fung':162 'fungal':45,146 'fungus':13 'gath':229 'generat':266 'greatly':85 'grouping':289 'grow':102,144 'growth':136 'hab':137 'has':189 'hav':225,261 'having':61,165 'human':240,259 'hundred':20 'hypha':80,145 'identified':32 'import':206 'in':96,106,192,197,209,258,268,314,330 'industry':279 'infect':257 'inform':230 'is':202,215,293,309 'it':201,227 'kingdom':14 'known':75,124 'lineag':17 'many':116 'mean':164 'measuring':92 'member':10 'microbial':269 'microorganism':7,223 'million':22 'mitos':114 'model':207 'modern':210 'mold':129,142 'most':109,219 'multicellular':55,66 'not':282 'of':11,21,23,42,71,184,217,234,245,307 'often':294 'one':216 'opportunistic':252 'or':78,156,287 'order':332 'organism':51,208 'originated':19 'other':157,243 'pathogen':253 'phyl':317 'phylogenetic':288,305 'phylum':337 'plac':313 'process':123 'produc':274 'pseudohypha':77 'raised':339 'recently':262 'reproduc':111 'research':213 'researched':221 'researcher':224 'saccharomyc':173,300 'saccharomycetal':333 'separat':316 'shown':310 'singl':5,134,285 'single-celled':4,133 'siz':83,107 'so':118 'som':59,99 'spec':29,46,60,88,147,172,244 'string':70 'such':247 'synonym':298 'tak':150 'taken':295 'taxonomic':286 'temperatur':155 'term':291 'that':148 'the':12,15,62,120,170,186,195,218,232,235,277,290,304,318,321,323,331,336 'their':132,312 'they':36 'thoroughly':220 'thousand':183 'to':39,64,103,177,228,265 'tru':326 'two':166,315 'typically':91 'ultimately':239 'um':95,105 'unicellular':50 'used':191,226,264 'vary':84 'which':18,52,143 'with':58,128,131,141 'within':335 'year':24,185 'yeast':1,16,48,82,100,110,130,171,246,260,280,292,308,325,327 'yummy':340"}}, {"model": "postgres_search.indexentry", "pk": 65, "fields": {"content_type": 13, "object_id": "68", "autocomplete": "", "body": "'2':37 'a':29,34,46,77,130,144,158,165,169 'after':57 'an':151 'and':11,23,33,88,103,108,133,153 'are':143 'art':126 'at':96 'automated':119 'bak':170 'baked':26,139,162 'baker':107 'baking':38,60,91,117,128 'barbecu':48 'barbecuing':64 'batter':22 'be':40 'becaus':65,84 'been':94 'both':52,149 'bread':12,81,142 'but':146 'by':50,98,104,120 'cak':9 'called':168 'can':39 'centr':15,36 'combined':41 'common':83,145 'concept':67 'consumpt':102,112 'cook':10 'creativ':82 'crust':32 'cultural':154 'domestic':101 'dough':24 'dry':31 'economic':152 'especially':141 'factor':124 'familial':89 'firm':30 'food':148 'for':100,110,136 'from':5,150 'fundamental':131 'good':27,140,163 'gradually':3 'grilling':43 'has':92 'heat':1,17 'historical':86 'hom':97 'hybrid':47 'import':135,147 'in':106,122 'industrialized':116 'into':25 'is':2,61,72,134,167 'it':20 'larg':123 'local':111 'machin':121 'masonry':70 'men':105 'method':53 'nutrit':137 'of':8,68,76,85,127,156 'one':56 'or':55 'other':59 'oven':71 'performed':95 'person':159 'pit':79 'point':155 'prepar':161 'produc':45 'product':114 'profess':166 'related':62 'remain':129 'restaur':109 'rol':90 'similar':73 'simultaneously':54 'skill':132 'smok':78 'social':87 'sod':80 'soft':35 'surfac':7 'that':75 'the':6,58,66,69,125 'their':14 'through':19 'to':13,44,63,74 'traditionally':93 'transferred':4 'transform':21 'travel':18 'using':51 'vari':49 'view':157 'was':115,118 'when':113 'who':160 'with':28,42 'women':99"}}, {"model": "postgres_search.indexentry", "pk": 66, "fields": {"content_type": 13, "object_id": "72", "autocomplete": "", "body": "'-400':283 '1000':479 '1050':27 '1800':137,220 '18th':363 '19th':379,413 '200':129,188,282 '20th':57 '3900':104,135 '4':128 '400':259 '500':25,222 '8900':102 'a':168,213,339,358,435,450,462,472 'ad':26,28,189,223,260,284,480 'added':165 'again':70 'age':24,186,219 'agricultur':140 'alphabetic':495 'also':43 'an':313,429 'and':10,16,39,66,73,96,121,152,170,225,239,252,344,399,423,457,466,481,485,501,518 'apparently':155,270 'archaeological':83 'are':12,18,68,77,159,179,194,375,459,492,509 'army':281 'around':258,478 'asid':427 'at':126 'baked':171,394,469 'baking':158,249,261,272 'barley':9,38,143,401,408 'bc':103,105,130,136,138,221 'be':370 'becam':30 'becom':418 'been':118,212,233,298 'began':416 'beginning':54 'being':71,78 'below':490 'both':513 'bread':50,75,113,178,205,256,316,325,346,352,367,386,392,402,424,437,476,486,507 'bread-making':112 'breakfast':444 'bronz':218 'burial':182,214 'but':115 'by':37 'cam':390 'can':369 'carbohydrat':433 'central':196 'centrepiec':420,463 'century':58,364,380,414 'ceramic':153 'cereal':116,162 'certain':202 'christian':310 'citat':307 'common':264,471 'commonly':33,46,236 'contemporary':483,515 'continent':306 'cooked':120 'could':209 'countr':8,330,351,491 'creativ':263,470 'crisp':391 'crispy':400 'crushed':119 'cultivated':72 'cultural':340 'culturally':317 'denmark':86,497 'developed':79 'different':366 'dinner':467 'direct':109 'dominated':4,387,410 'dough':169 'during':21,98,131,216,411 'early':309 'eastern':333 'eaten':207 'einkorn':97 'emmer':65,95 'employed':299 'english':520 'evident':110 'extent':151 'extra':430 'far':405 'find':84 'finland':336,498 'first':243,255 'followed':36 'for':49,157,248,443,452 'found':160,371 'four':1,365 'fresh':468 'fried':173 'from':80,477 'function':442 'furth':388 'german':318 'gift':183,215 'given':511 'grain':2,35,48,61,82,238 'grav':187 'had':297 'hav':117,146,211,232,320 'high':301 'history':473 'hom':290 'howev':198 'iceland':499 'in':5,85,174,184,191,267,278,300,315,327,331,348,372,376,381,403,434,464,494,512,519 'indicat':87 'influenced':321 'innov':487 'interest':314 'introduced':142 'iron':23,185 'is':107,200,338,449,488 'it':199,208,440 'just':210 'key':441 'known':180 'languag':517 'lat':362,378 'learned':271 'least':127 'link':341 'loav':251,409 'lunch':465 'main':355 'mak':167 'making':114 'malardalen':193 'meal':359,422,436 'mercenar':277 'mesolithic':100 'mor':19 'most':32,45,235,322,453 'mostly':510 'moulded':161 'nam':504 'national':516 'needed':308 'neolithic':133 'new':74 'no':108 'nordic':7,329,350,374,454,475 'north':389,406 'norway':500 'not':201 'oat':17,40,224 'of':55,89,111,177,195,323,335,357,421,432,474,505 'older':60 'oldest':14 'once':69 'onward':190 'open':447 'or':172 'order':496 'oven':245 'over':148 'part':334,356 'peopl':455 'perhap':253 'period':101,134 'plat':154 'porridg':124 'potato':415,458 'presented':489,493 'probably':246,257 'promoted':312 'put':426 'real':244 'recent':20 'region':368 'retained':439 'roman':268,280 'russi':343 'rye':11,29,41,385,396 'sandwich':448 'scandinavian':265 'se':241 'seem':144,230 'served':122 'shap':176 'show':294 'sinc':125 'slavic':345 'small':250 'sod':262 'soft':384,407 'soldi':266 'som':150,482 'sourc':431 'south':383 'spec':94,228 'spelt':67,229 'start':451 'status':302 'still':438 'subsequently':286 'such':63 'sweden':197,502 'taken':147 'techniqu':273,289 'that':203,295 'the':6,13,22,31,44,53,56,90,99,132,175,192,217,226,234,242,254,279,288,305,324,328,332,349,354,361,373,377,382,404,412,419,446,503,506,514 'them':292 'then':397 'ther':106,337 'thes':81 'they':285,296 'thin':398 'this':204 'tim':269 'to':145,149,166,231,293,342,417 'today':59,456 'took':287 'tradit':311,319,347 'triticum':92,227 'two':91 'typ':3,62,76,326,484,508 'until':52,360 'up':51 'use':88 'used':34,47,156,237,247,460 'usually':393 'was':42,141,206,353,425 'wat':164 'we':240 'wheat':15,93 'when':139,274 'with':163,291,395 'work':303 'working':275"}}, {"model": "postgres_search.indexentry", "pk": 67, "fields": {"content_type": 13, "object_id": "73", "autocomplete": "", "body": "'19th':72 'aerated':65 'aeratus':63 'an':92 'analyzing':133 'and':7,25,36,78,96,126 'are':40,55 'around':157 'baked':82 'baking':19 'based':98,136 'been':5 'bi':87 'bic':54 'bicarb':47,48,51 'bicarbonat':26,35,37,50,77,80,89,114,149 'both':75 'bread':21,174 'carbonat':108,119,124,128 'century':73 'chemical':140 'co3':109 'coined':151 'colloquial':30 'com':90 'common':56,84,176 'composit':141 'cooking':23 'cornucopi':172 'creativ':83,175 'even':53 'exact':139 'for':74 'form':43 'fresh':81 'from':60,91 'half':160 'has':3,13 'in':29,70,88,112,122,164,167 'is':8,97,104,118,159 'it':2 'known':6 'latin':61 'long':4 'many':14 'meaning':64 'modern':130 'much':107,162 'na':169 'na2':171 'na2co3':125,168 'nahco3':115,165 'nam':16,33,147 'naming':94 'observ':101 'of':27,38,132,173 'often':41 'or':52 'other':127,155 'outdated':93 'per':110,120 'potassium':79 'prefix':86 'related':15 'sal':62 'saleratus':59 'salt':12,66 'say':152 'sinc':1 'situat':135 'sod':20,22,24,28,39,49 'sodium':34,46,76,111,113,121,123,148,163 'such':17,44 'system':95 'that':102 'the':11,32,57,71,85,100,129,134,138,146,154 'ther':103,117,158 'this':153 'truncated':42 'twic':105 'unknown':144 'usag':31 'used':10,69 'versus':170 'was':67,143,150 'way':131,156 'when':145 'which':142 'widely':9,68 'word':58"}}, {"model": "postgres_search.indexentry", "pk": 68, "fields": {"content_type": 13, "object_id": "74", "autocomplete": "", "body": "'1':263 '10':139,154,242 '11':162 '12':163 '13':184 '14':206 '15':222 '16':223 '17':305 '1930s':229 '4':46 '8':26 'a':33,43,54,89,93,96,159,189,204,269 'american':306 'and':16,30,42,59,65,70,73,104,124,224,260,267,288,294 'are':3,92,167 'balanced':55 'barbecuing':186 'be':21,50,77,213,280 'becom':81 'been':129,197 'belgian':109 'bread':2,19,41,48,63,103,114,126,141,153,166,195,211,241,252,256,259,265,270,275,308,325 'but':296 'cak':101 'called':271 'can':115 'carrot':100 'cleanly':27 'cold':286 'common':112 'consum':303 'consumer':247 'contemporary':244 'creation':173 'creativ':111 'cross':119 'cross-sectionally':118 'crumb':35,58 'crumbly':82 'crust':60 'cut':287 'dav':108 'demand':304 'derived':314 'described':130,198 'designed':51,78,133,168,278 'diet':97 'discontinued':299 'dried':84 'drip':72 'du':300 'easily':25 'egg':293 'enrich':323 'fat':313 'filling':67,290 'fin':34 'fing':145 'fir':205 'flour':219,221 'for':134,143,169,185,201 'formulated':22 'fre':209,218 'from':315 'gluten':208,217 'gluten-fre':207,216 'hamburger':295 'hardened':83 'has':128,196 'hav':32,53,86,309 'high':191 'high-quality':190 'historically':310 'hold':64 'holding':135 'i':98 'in':5,68,171,227,230,243 'included':311 'ingredient':226 'inner':38 'is':147,158 'it':297 'jim':107 'light':44 'loaf':161,237,262 'low':302 'luncheon':137 'many':6 'marketed':268 'may':20,31,49,76,212 'meat':138 'messiness':74 'milk':319 'mold':157 'multigrain':15 'must':94 'not':80 'of':40,57,174,177,188,318 'oil':321 'or':28,85,320 'other':17,225,289 'over':203 'pan':155 'part':39 'perfectly':132 'pi':106 'plac':69 'prepared':214 'preparing':144 'produced':4,266 'proport':56 'pumpkin':105 'quality':192 'reduc':71 'ref':116,249 'referred':149,238 'round':273,284 'round-shaped':283 'rye':14 'sandwich':1,18,47,113,146,152,160,165,178,183,194,210,236,258,261,274,307 'sectionally':120 'shaped':285 'slic':24 'sliced':122,240 'soft':37 'som':75,164,312 'sometim':148,248 'sourdough':13 'specific':175 'squar':121,136 'squishy':88 'stat':233 'submarin':182 'such':8,179,253,291 'suggest':99 'suitabl':200 'support':66 'teff':220 'term':235 'textur':45,90 'the':36,62,140,172,181,228,231,234,316,324 'tim':245 'to':23,52,79,117,150,239,250,279,301,322 'toasting':202 'too':87 'typ':176 'u.s':246 'uniformly':29 'united':232 'use':170,187,317 'used':142,281 'using':215 'variet':7 'veget':91 'waffl':110 'was':277,298 'wheat':12,125 'whereby':61 'which':127,276 'whit':10,123,193,251 'whol':11 'with':282 'wond':255,264,272 'zucchin':102"}}, {"model": "postgres_search.indexentry", "pk": 69, "fields": {"content_type": 13, "object_id": "77", "autocomplete": "", "body": "'1856':92 '1872':247 '1878':271 '1887':290 '19th':43 '2':14,221,272,295 '3':36,63,173,250 '4':93 '5':138 'a':8,12,52,55,60,95,117,187,213,228,239 'acquired':17 'almanac':249 'almond':130 'already':168 'and':10,22,30,114,131,162,196,212,234 'anoth':251 'appeared':244 'armenian':86 'armenian-french':85 'at':81,170 'bakery':175 'been':151 'book':268 'boston':71,75,258 'brushed':115 'butt':107 'by':84 'cak':9,21,48,62,100,109,148,166,179,192,224 'called':51,94 'central':174 'century':44 'chef':88 'cherry':240 'chocolat':56,96,136,214,229,292 'claim':72,143 'coated':122,134 'common':177 'companion':288 'confection':199,218 'consisted':101 'contemporaneous':158 'cook':267 'cooked':25 'cream':53,57,76,97,205,259,293 'created':80 'creativ':176 'crem':112,124 'custard':61,164,207 'custard-filled':163 'derived':182 'despit':1 'dessert':16 'disput':141 'earliest':274 'early':252 'eventually':208 'evident':159 'fact':7 'filled':110,165,193 'first':79,243 'fond':137 'for':202 'french':87,106 'from':183 'ganach':233 'glaz':215,230 'granit':264 'hav':150 'historian':140 'hotel':69,83 'hous':68 'howev':139 'in':6,26,37,70,91,245,262,270,283,289 'interchangeably':35 'iron':265 'is':5,155,180,225 'it':2,4,18,120,161 'jam':195,211 'kitchen':287 'known':275 'lai':190 'latt':39 'layer':104 'likely':181 'may':149 'methodist':248 'miss':284 'modern':279 'nam':3,19,242 'no':156 'not':11 'occurred':261 'of':41,47,65,102,105,160,206,255,277 'or':59,238 'overlain':126 'owner':64 'pan':29 'park':67 'parlo':285 'part':40 'pastry':204 'patissier':113,125 'pi':13,23,54,58,77,98,186,260,294 'popular':169 'powdered':236 'primacy':145 'printed':253,269,282 'recip':276 'replaced':209,216 'rum':118 'sam':28 'sanzian':90 'served':152 'sid':121 'sliced':129 'sometim':235 'specific':157 'spong':108 'such':231 'sugar':201,220,237 'syrup':119 'term':257 'that':73,171 'the':15,27,31,38,42,66,74,82,132,178,184,210,217,223,241,246,256,263,273,278 'then':153 'ther':154 'this':45,99,142,147 'tim':172 'to':144 'toasted':128 'today':222 'top':133 'topped':197,226 'two':103,189 'two-lai':188 'typ':46 'use':254 'used':34 'vari':280 'variously':50 'war':266 'was':49,78,167,281 'washington':185 'wer':24,33 'when':20 'which':203 'whil':146 'with':111,116,123,127,135,194,198,227 'word':32 'yellow':191"}}, {"model": "postgres_search.indexentry", "pk": 70, "fields": {"content_type": 7, "object_id": "69", "autocomplete": "", "body": ""}}, {"model": "postgres_search.indexentry", "pk": 71, "fields": {"content_type": 8, "object_id": "70", "autocomplete": "", "body": ""}}, {"model": "postgres_search.indexentry", "pk": 72, "fields": {"content_type": 9, "object_id": "60", "autocomplete": "'mond':3B 'pain':1B", "body": ""}}, {"model": "postgres_search.indexentry", "pk": 73, "fields": {"content_type": 11, "object_id": "76", "autocomplete": "", "body": ""}}, {"model": "auth.permission", "pk": 1, "fields": {"name": "Can add image", "content_type": 2, "codename": "add_image"}}, {"model": "auth.permission", "pk": 2, "fields": {"name": "Can change image", "content_type": 2, "codename": "change_image"}}, {"model": "auth.permission", "pk": 3, "fields": {"name": "Can delete image", "content_type": 2, "codename": "delete_image"}}, {"model": "auth.permission", "pk": 4, "fields": {"name": "Can access Wagtail admin", "content_type": 3, "codename": "access_admin"}}, {"model": "auth.permission", "pk": 5, "fields": {"name": "Can add document", "content_type": 4, "codename": "add_document"}}, {"model": "auth.permission", "pk": 6, "fields": {"name": "Can change document", "content_type": 4, "codename": "change_document"}}, {"model": "auth.permission", "pk": 7, "fields": {"name": "Can delete document", "content_type": 4, "codename": "delete_document"}}, {"model": "auth.permission", "pk": 8, "fields": {"name": "Can add footer text", "content_type": 5, "codename": "add_footertext"}}, {"model": "auth.permission", "pk": 9, "fields": {"name": "Can change footer text", "content_type": 5, "codename": "change_footertext"}}, {"model": "auth.permission", "pk": 10, "fields": {"name": "Can delete footer text", "content_type": 5, "codename": "delete_footertext"}}, {"model": "auth.permission", "pk": 11, "fields": {"name": "Can view footer text", "content_type": 5, "codename": "view_footertext"}}, {"model": "auth.permission", "pk": 12, "fields": {"name": "Can add form field", "content_type": 6, "codename": "add_formfield"}}, {"model": "auth.permission", "pk": 13, "fields": {"name": "Can change form field", "content_type": 6, "codename": "change_formfield"}}, {"model": "auth.permission", "pk": 14, "fields": {"name": "Can delete form field", "content_type": 6, "codename": "delete_formfield"}}, {"model": "auth.permission", "pk": 15, "fields": {"name": "Can view form field", "content_type": 6, "codename": "view_formfield"}}, {"model": "auth.permission", "pk": 16, "fields": {"name": "Can add form page", "content_type": 7, "codename": "add_formpage"}}, {"model": "auth.permission", "pk": 17, "fields": {"name": "Can change form page", "content_type": 7, "codename": "change_formpage"}}, {"model": "auth.permission", "pk": 18, "fields": {"name": "Can delete form page", "content_type": 7, "codename": "delete_formpage"}}, {"model": "auth.permission", "pk": 19, "fields": {"name": "Can view form page", "content_type": 7, "codename": "view_formpage"}}, {"model": "auth.permission", "pk": 20, "fields": {"name": "Can add gallery page", "content_type": 8, "codename": "add_gallerypage"}}, {"model": "auth.permission", "pk": 21, "fields": {"name": "Can change gallery page", "content_type": 8, "codename": "change_gallerypage"}}, {"model": "auth.permission", "pk": 22, "fields": {"name": "Can delete gallery page", "content_type": 8, "codename": "delete_gallerypage"}}, {"model": "auth.permission", "pk": 23, "fields": {"name": "Can view gallery page", "content_type": 8, "codename": "view_gallerypage"}}, {"model": "auth.permission", "pk": 24, "fields": {"name": "Can add home page", "content_type": 9, "codename": "add_homepage"}}, {"model": "auth.permission", "pk": 25, "fields": {"name": "Can change home page", "content_type": 9, "codename": "change_homepage"}}, {"model": "auth.permission", "pk": 26, "fields": {"name": "Can delete home page", "content_type": 9, "codename": "delete_homepage"}}, {"model": "auth.permission", "pk": 27, "fields": {"name": "Can view home page", "content_type": 9, "codename": "view_homepage"}}, {"model": "auth.permission", "pk": 28, "fields": {"name": "Can add Person", "content_type": 10, "codename": "add_people"}}, {"model": "auth.permission", "pk": 29, "fields": {"name": "Can change Person", "content_type": 10, "codename": "change_people"}}, {"model": "auth.permission", "pk": 30, "fields": {"name": "Can delete Person", "content_type": 10, "codename": "delete_people"}}, {"model": "auth.permission", "pk": 31, "fields": {"name": "Can view Person", "content_type": 10, "codename": "view_people"}}, {"model": "auth.permission", "pk": 32, "fields": {"name": "Can add standard page", "content_type": 11, "codename": "add_standardpage"}}, {"model": "auth.permission", "pk": 33, "fields": {"name": "Can change standard page", "content_type": 11, "codename": "change_standardpage"}}, {"model": "auth.permission", "pk": 34, "fields": {"name": "Can delete standard page", "content_type": 11, "codename": "delete_standardpage"}}, {"model": "auth.permission", "pk": 35, "fields": {"name": "Can view standard page", "content_type": 11, "codename": "view_standardpage"}}, {"model": "auth.permission", "pk": 36, "fields": {"name": "Can add blog index page", "content_type": 12, "codename": "add_blogindexpage"}}, {"model": "auth.permission", "pk": 37, "fields": {"name": "Can change blog index page", "content_type": 12, "codename": "change_blogindexpage"}}, {"model": "auth.permission", "pk": 38, "fields": {"name": "Can delete blog index page", "content_type": 12, "codename": "delete_blogindexpage"}}, {"model": "auth.permission", "pk": 39, "fields": {"name": "Can view blog index page", "content_type": 12, "codename": "view_blogindexpage"}}, {"model": "auth.permission", "pk": 40, "fields": {"name": "Can add blog page", "content_type": 13, "codename": "add_blogpage"}}, {"model": "auth.permission", "pk": 41, "fields": {"name": "Can change blog page", "content_type": 13, "codename": "change_blogpage"}}, {"model": "auth.permission", "pk": 42, "fields": {"name": "Can delete blog page", "content_type": 13, "codename": "delete_blogpage"}}, {"model": "auth.permission", "pk": 43, "fields": {"name": "Can view blog page", "content_type": 13, "codename": "view_blogpage"}}, {"model": "auth.permission", "pk": 44, "fields": {"name": "Can add blog page tag", "content_type": 14, "codename": "add_blogpagetag"}}, {"model": "auth.permission", "pk": 45, "fields": {"name": "Can change blog page tag", "content_type": 14, "codename": "change_blogpagetag"}}, {"model": "auth.permission", "pk": 46, "fields": {"name": "Can delete blog page tag", "content_type": 14, "codename": "delete_blogpagetag"}}, {"model": "auth.permission", "pk": 47, "fields": {"name": "Can view blog page tag", "content_type": 14, "codename": "view_blogpagetag"}}, {"model": "auth.permission", "pk": 48, "fields": {"name": "Can add blog people relationship", "content_type": 15, "codename": "add_blogpeoplerelationship"}}, {"model": "auth.permission", "pk": 49, "fields": {"name": "Can change blog people relationship", "content_type": 15, "codename": "change_blogpeoplerelationship"}}, {"model": "auth.permission", "pk": 50, "fields": {"name": "Can delete blog people relationship", "content_type": 15, "codename": "delete_blogpeoplerelationship"}}, {"model": "auth.permission", "pk": 51, "fields": {"name": "Can view blog people relationship", "content_type": 15, "codename": "view_blogpeoplerelationship"}}, {"model": "auth.permission", "pk": 52, "fields": {"name": "Can add bread ingredient", "content_type": 16, "codename": "add_breadingredient"}}, {"model": "auth.permission", "pk": 53, "fields": {"name": "Can change bread ingredient", "content_type": 16, "codename": "change_breadingredient"}}, {"model": "auth.permission", "pk": 54, "fields": {"name": "Can delete bread ingredient", "content_type": 16, "codename": "delete_breadingredient"}}, {"model": "auth.permission", "pk": 55, "fields": {"name": "Can view bread ingredient", "content_type": 16, "codename": "view_breadingredient"}}, {"model": "auth.permission", "pk": 56, "fields": {"name": "Can add bread page", "content_type": 17, "codename": "add_breadpage"}}, {"model": "auth.permission", "pk": 57, "fields": {"name": "Can change bread page", "content_type": 17, "codename": "change_breadpage"}}, {"model": "auth.permission", "pk": 58, "fields": {"name": "Can delete bread page", "content_type": 17, "codename": "delete_breadpage"}}, {"model": "auth.permission", "pk": 59, "fields": {"name": "Can view bread page", "content_type": 17, "codename": "view_breadpage"}}, {"model": "auth.permission", "pk": 60, "fields": {"name": "Can add breads index page", "content_type": 18, "codename": "add_breadsindexpage"}}, {"model": "auth.permission", "pk": 61, "fields": {"name": "Can change breads index page", "content_type": 18, "codename": "change_breadsindexpage"}}, {"model": "auth.permission", "pk": 62, "fields": {"name": "Can delete breads index page", "content_type": 18, "codename": "delete_breadsindexpage"}}, {"model": "auth.permission", "pk": 63, "fields": {"name": "Can view breads index page", "content_type": 18, "codename": "view_breadsindexpage"}}, {"model": "auth.permission", "pk": 64, "fields": {"name": "Can add bread type", "content_type": 19, "codename": "add_breadtype"}}, {"model": "auth.permission", "pk": 65, "fields": {"name": "Can change bread type", "content_type": 19, "codename": "change_breadtype"}}, {"model": "auth.permission", "pk": 66, "fields": {"name": "Can delete bread type", "content_type": 19, "codename": "delete_breadtype"}}, {"model": "auth.permission", "pk": 67, "fields": {"name": "Can view bread type", "content_type": 19, "codename": "view_breadtype"}}, {"model": "auth.permission", "pk": 68, "fields": {"name": "Can add country", "content_type": 20, "codename": "add_country"}}, {"model": "auth.permission", "pk": 69, "fields": {"name": "Can change country", "content_type": 20, "codename": "change_country"}}, {"model": "auth.permission", "pk": 70, "fields": {"name": "Can delete country", "content_type": 20, "codename": "delete_country"}}, {"model": "auth.permission", "pk": 71, "fields": {"name": "Can view country", "content_type": 20, "codename": "view_country"}}, {"model": "auth.permission", "pk": 72, "fields": {"name": "Can add location operating hours", "content_type": 21, "codename": "add_locationoperatinghours"}}, {"model": "auth.permission", "pk": 73, "fields": {"name": "Can change location operating hours", "content_type": 21, "codename": "change_locationoperatinghours"}}, {"model": "auth.permission", "pk": 74, "fields": {"name": "Can delete location operating hours", "content_type": 21, "codename": "delete_locationoperatinghours"}}, {"model": "auth.permission", "pk": 75, "fields": {"name": "Can view location operating hours", "content_type": 21, "codename": "view_locationoperatinghours"}}, {"model": "auth.permission", "pk": 76, "fields": {"name": "Can add location page", "content_type": 22, "codename": "add_locationpage"}}, {"model": "auth.permission", "pk": 77, "fields": {"name": "Can change location page", "content_type": 22, "codename": "change_locationpage"}}, {"model": "auth.permission", "pk": 78, "fields": {"name": "Can delete location page", "content_type": 22, "codename": "delete_locationpage"}}, {"model": "auth.permission", "pk": 79, "fields": {"name": "Can view location page", "content_type": 22, "codename": "view_locationpage"}}, {"model": "auth.permission", "pk": 80, "fields": {"name": "Can add locations index page", "content_type": 23, "codename": "add_locationsindexpage"}}, {"model": "auth.permission", "pk": 81, "fields": {"name": "Can change locations index page", "content_type": 23, "codename": "change_locationsindexpage"}}, {"model": "auth.permission", "pk": 82, "fields": {"name": "Can delete locations index page", "content_type": 23, "codename": "delete_locationsindexpage"}}, {"model": "auth.permission", "pk": 83, "fields": {"name": "Can view locations index page", "content_type": 23, "codename": "view_locationsindexpage"}}, {"model": "auth.permission", "pk": 84, "fields": {"name": "Can add search promotion", "content_type": 24, "codename": "add_searchpromotion"}}, {"model": "auth.permission", "pk": 85, "fields": {"name": "Can change search promotion", "content_type": 24, "codename": "change_searchpromotion"}}, {"model": "auth.permission", "pk": 86, "fields": {"name": "Can delete search promotion", "content_type": 24, "codename": "delete_searchpromotion"}}, {"model": "auth.permission", "pk": 87, "fields": {"name": "Can view search promotion", "content_type": 24, "codename": "view_searchpromotion"}}, {"model": "auth.permission", "pk": 88, "fields": {"name": "Can add form submission", "content_type": 25, "codename": "add_formsubmission"}}, {"model": "auth.permission", "pk": 89, "fields": {"name": "Can change form submission", "content_type": 25, "codename": "change_formsubmission"}}, {"model": "auth.permission", "pk": 90, "fields": {"name": "Can delete form submission", "content_type": 25, "codename": "delete_formsubmission"}}, {"model": "auth.permission", "pk": 91, "fields": {"name": "Can view form submission", "content_type": 25, "codename": "view_formsubmission"}}, {"model": "auth.permission", "pk": 92, "fields": {"name": "Can add redirect", "content_type": 26, "codename": "add_redirect"}}, {"model": "auth.permission", "pk": 93, "fields": {"name": "Can change redirect", "content_type": 26, "codename": "change_redirect"}}, {"model": "auth.permission", "pk": 94, "fields": {"name": "Can delete redirect", "content_type": 26, "codename": "delete_redirect"}}, {"model": "auth.permission", "pk": 95, "fields": {"name": "Can view redirect", "content_type": 26, "codename": "view_redirect"}}, {"model": "auth.permission", "pk": 96, "fields": {"name": "Can add embed", "content_type": 27, "codename": "add_embed"}}, {"model": "auth.permission", "pk": 97, "fields": {"name": "Can change embed", "content_type": 27, "codename": "change_embed"}}, {"model": "auth.permission", "pk": 98, "fields": {"name": "Can delete embed", "content_type": 27, "codename": "delete_embed"}}, {"model": "auth.permission", "pk": 99, "fields": {"name": "Can view embed", "content_type": 27, "codename": "view_embed"}}, {"model": "auth.permission", "pk": 100, "fields": {"name": "Can add user profile", "content_type": 28, "codename": "add_userprofile"}}, {"model": "auth.permission", "pk": 101, "fields": {"name": "Can change user profile", "content_type": 28, "codename": "change_userprofile"}}, {"model": "auth.permission", "pk": 102, "fields": {"name": "Can delete user profile", "content_type": 28, "codename": "delete_userprofile"}}, {"model": "auth.permission", "pk": 103, "fields": {"name": "Can view user profile", "content_type": 28, "codename": "view_userprofile"}}, {"model": "auth.permission", "pk": 104, "fields": {"name": "Can view document", "content_type": 4, "codename": "view_document"}}, {"model": "auth.permission", "pk": 105, "fields": {"name": "Can view image", "content_type": 2, "codename": "view_image"}}, {"model": "auth.permission", "pk": 106, "fields": {"name": "Can add rendition", "content_type": 29, "codename": "add_rendition"}}, {"model": "auth.permission", "pk": 107, "fields": {"name": "Can change rendition", "content_type": 29, "codename": "change_rendition"}}, {"model": "auth.permission", "pk": 108, "fields": {"name": "Can delete rendition", "content_type": 29, "codename": "delete_rendition"}}, {"model": "auth.permission", "pk": 109, "fields": {"name": "Can view rendition", "content_type": 29, "codename": "view_rendition"}}, {"model": "auth.permission", "pk": 110, "fields": {"name": "Can add query", "content_type": 30, "codename": "add_query"}}, {"model": "auth.permission", "pk": 111, "fields": {"name": "Can change query", "content_type": 30, "codename": "change_query"}}, {"model": "auth.permission", "pk": 112, "fields": {"name": "Can delete query", "content_type": 30, "codename": "delete_query"}}, {"model": "auth.permission", "pk": 113, "fields": {"name": "Can view query", "content_type": 30, "codename": "view_query"}}, {"model": "auth.permission", "pk": 114, "fields": {"name": "Can add Query Daily Hits", "content_type": 31, "codename": "add_querydailyhits"}}, {"model": "auth.permission", "pk": 115, "fields": {"name": "Can change Query Daily Hits", "content_type": 31, "codename": "change_querydailyhits"}}, {"model": "auth.permission", "pk": 116, "fields": {"name": "Can delete Query Daily Hits", "content_type": 31, "codename": "delete_querydailyhits"}}, {"model": "auth.permission", "pk": 117, "fields": {"name": "Can view Query Daily Hits", "content_type": 31, "codename": "view_querydailyhits"}}, {"model": "auth.permission", "pk": 118, "fields": {"name": "Can add page", "content_type": 1, "codename": "add_page"}}, {"model": "auth.permission", "pk": 119, "fields": {"name": "Can change page", "content_type": 1, "codename": "change_page"}}, {"model": "auth.permission", "pk": 120, "fields": {"name": "Can delete page", "content_type": 1, "codename": "delete_page"}}, {"model": "auth.permission", "pk": 121, "fields": {"name": "Can view page", "content_type": 1, "codename": "view_page"}}, {"model": "auth.permission", "pk": 122, "fields": {"name": "Can add group page permission", "content_type": 32, "codename": "add_grouppagepermission"}}, {"model": "auth.permission", "pk": 123, "fields": {"name": "Can change group page permission", "content_type": 32, "codename": "change_grouppagepermission"}}, {"model": "auth.permission", "pk": 124, "fields": {"name": "Can delete group page permission", "content_type": 32, "codename": "delete_grouppagepermission"}}, {"model": "auth.permission", "pk": 125, "fields": {"name": "Can view group page permission", "content_type": 32, "codename": "view_grouppagepermission"}}, {"model": "auth.permission", "pk": 126, "fields": {"name": "Can add page revision", "content_type": 33, "codename": "add_pagerevision"}}, {"model": "auth.permission", "pk": 127, "fields": {"name": "Can change page revision", "content_type": 33, "codename": "change_pagerevision"}}, {"model": "auth.permission", "pk": 128, "fields": {"name": "Can delete page revision", "content_type": 33, "codename": "delete_pagerevision"}}, {"model": "auth.permission", "pk": 129, "fields": {"name": "Can view page revision", "content_type": 33, "codename": "view_pagerevision"}}, {"model": "auth.permission", "pk": 130, "fields": {"name": "Can add page view restriction", "content_type": 34, "codename": "add_pageviewrestriction"}}, {"model": "auth.permission", "pk": 131, "fields": {"name": "Can change page view restriction", "content_type": 34, "codename": "change_pageviewrestriction"}}, {"model": "auth.permission", "pk": 132, "fields": {"name": "Can delete page view restriction", "content_type": 34, "codename": "delete_pageviewrestriction"}}, {"model": "auth.permission", "pk": 133, "fields": {"name": "Can view page view restriction", "content_type": 34, "codename": "view_pageviewrestriction"}}, {"model": "auth.permission", "pk": 134, "fields": {"name": "Can add site", "content_type": 35, "codename": "add_site"}}, {"model": "auth.permission", "pk": 135, "fields": {"name": "Can change site", "content_type": 35, "codename": "change_site"}}, {"model": "auth.permission", "pk": 136, "fields": {"name": "Can delete site", "content_type": 35, "codename": "delete_site"}}, {"model": "auth.permission", "pk": 137, "fields": {"name": "Can view site", "content_type": 35, "codename": "view_site"}}, {"model": "auth.permission", "pk": 138, "fields": {"name": "Can add collection", "content_type": 36, "codename": "add_collection"}}, {"model": "auth.permission", "pk": 139, "fields": {"name": "Can change collection", "content_type": 36, "codename": "change_collection"}}, {"model": "auth.permission", "pk": 140, "fields": {"name": "Can delete collection", "content_type": 36, "codename": "delete_collection"}}, {"model": "auth.permission", "pk": 141, "fields": {"name": "Can view collection", "content_type": 36, "codename": "view_collection"}}, {"model": "auth.permission", "pk": 142, "fields": {"name": "Can add group collection permission", "content_type": 37, "codename": "add_groupcollectionpermission"}}, {"model": "auth.permission", "pk": 143, "fields": {"name": "Can change group collection permission", "content_type": 37, "codename": "change_groupcollectionpermission"}}, {"model": "auth.permission", "pk": 144, "fields": {"name": "Can delete group collection permission", "content_type": 37, "codename": "delete_groupcollectionpermission"}}, {"model": "auth.permission", "pk": 145, "fields": {"name": "Can view group collection permission", "content_type": 37, "codename": "view_groupcollectionpermission"}}, {"model": "auth.permission", "pk": 146, "fields": {"name": "Can add collection view restriction", "content_type": 38, "codename": "add_collectionviewrestriction"}}, {"model": "auth.permission", "pk": 147, "fields": {"name": "Can change collection view restriction", "content_type": 38, "codename": "change_collectionviewrestriction"}}, {"model": "auth.permission", "pk": 148, "fields": {"name": "Can delete collection view restriction", "content_type": 38, "codename": "delete_collectionviewrestriction"}}, {"model": "auth.permission", "pk": 149, "fields": {"name": "Can view collection view restriction", "content_type": 38, "codename": "view_collectionviewrestriction"}}, {"model": "auth.permission", "pk": 150, "fields": {"name": "Can add Tag", "content_type": 39, "codename": "add_tag"}}, {"model": "auth.permission", "pk": 151, "fields": {"name": "Can change Tag", "content_type": 39, "codename": "change_tag"}}, {"model": "auth.permission", "pk": 152, "fields": {"name": "Can delete Tag", "content_type": 39, "codename": "delete_tag"}}, {"model": "auth.permission", "pk": 153, "fields": {"name": "Can view Tag", "content_type": 39, "codename": "view_tag"}}, {"model": "auth.permission", "pk": 154, "fields": {"name": "Can add Tagged Item", "content_type": 40, "codename": "add_taggeditem"}}, {"model": "auth.permission", "pk": 155, "fields": {"name": "Can change Tagged Item", "content_type": 40, "codename": "change_taggeditem"}}, {"model": "auth.permission", "pk": 156, "fields": {"name": "Can delete Tagged Item", "content_type": 40, "codename": "delete_taggeditem"}}, {"model": "auth.permission", "pk": 157, "fields": {"name": "Can view Tagged Item", "content_type": 40, "codename": "view_taggeditem"}}, {"model": "auth.permission", "pk": 158, "fields": {"name": "Can add log entry", "content_type": 41, "codename": "add_logentry"}}, {"model": "auth.permission", "pk": 159, "fields": {"name": "Can change log entry", "content_type": 41, "codename": "change_logentry"}}, {"model": "auth.permission", "pk": 160, "fields": {"name": "Can delete log entry", "content_type": 41, "codename": "delete_logentry"}}, {"model": "auth.permission", "pk": 161, "fields": {"name": "Can view log entry", "content_type": 41, "codename": "view_logentry"}}, {"model": "auth.permission", "pk": 162, "fields": {"name": "Can add permission", "content_type": 42, "codename": "add_permission"}}, {"model": "auth.permission", "pk": 163, "fields": {"name": "Can change permission", "content_type": 42, "codename": "change_permission"}}, {"model": "auth.permission", "pk": 164, "fields": {"name": "Can delete permission", "content_type": 42, "codename": "delete_permission"}}, {"model": "auth.permission", "pk": 165, "fields": {"name": "Can view permission", "content_type": 42, "codename": "view_permission"}}, {"model": "auth.permission", "pk": 166, "fields": {"name": "Can add group", "content_type": 43, "codename": "add_group"}}, {"model": "auth.permission", "pk": 167, "fields": {"name": "Can change group", "content_type": 43, "codename": "change_group"}}, {"model": "auth.permission", "pk": 168, "fields": {"name": "Can delete group", "content_type": 43, "codename": "delete_group"}}, {"model": "auth.permission", "pk": 169, "fields": {"name": "Can view group", "content_type": 43, "codename": "view_group"}}, {"model": "auth.permission", "pk": 170, "fields": {"name": "Can add user", "content_type": 44, "codename": "add_user"}}, {"model": "auth.permission", "pk": 171, "fields": {"name": "Can change user", "content_type": 44, "codename": "change_user"}}, {"model": "auth.permission", "pk": 172, "fields": {"name": "Can delete user", "content_type": 44, "codename": "delete_user"}}, {"model": "auth.permission", "pk": 173, "fields": {"name": "Can view user", "content_type": 44, "codename": "view_user"}}, {"model": "auth.permission", "pk": 174, "fields": {"name": "Can add content type", "content_type": 45, "codename": "add_contenttype"}}, {"model": "auth.permission", "pk": 175, "fields": {"name": "Can change content type", "content_type": 45, "codename": "change_contenttype"}}, {"model": "auth.permission", "pk": 176, "fields": {"name": "Can delete content type", "content_type": 45, "codename": "delete_contenttype"}}, {"model": "auth.permission", "pk": 177, "fields": {"name": "Can view content type", "content_type": 45, "codename": "view_contenttype"}}, {"model": "auth.permission", "pk": 178, "fields": {"name": "Can add session", "content_type": 46, "codename": "add_session"}}, {"model": "auth.permission", "pk": 179, "fields": {"name": "Can change session", "content_type": 46, "codename": "change_session"}}, {"model": "auth.permission", "pk": 180, "fields": {"name": "Can delete session", "content_type": 46, "codename": "delete_session"}}, {"model": "auth.permission", "pk": 181, "fields": {"name": "Can view session", "content_type": 46, "codename": "view_session"}}, {"model": "auth.permission", "pk": 182, "fields": {"name": "Can add index entry", "content_type": 47, "codename": "add_indexentry"}}, {"model": "auth.permission", "pk": 183, "fields": {"name": "Can change index entry", "content_type": 47, "codename": "change_indexentry"}}, {"model": "auth.permission", "pk": 184, "fields": {"name": "Can delete index entry", "content_type": 47, "codename": "delete_indexentry"}}, {"model": "auth.permission", "pk": 185, "fields": {"name": "Can view index entry", "content_type": 47, "codename": "view_indexentry"}}, {"model": "auth.group", "pk": 1, "fields": {"name": "Moderators", "permissions": [4, 5, 6, 7, 1, 2, 3]}}, {"model": "auth.group", "pk": 2, "fields": {"name": "Editors", "permissions": [4, 5, 6, 7, 1, 2, 3]}}, {"model": "auth.user", "pk": 3, "fields": {"password": "pbkdf2_sha256$120000$grB9cZ3AXLfi$+lSoAQe6ikFac+62wLA2Y/Ou7oE5+jz9yPZCIGan8W8=", "last_login": "2018-12-22T13:01:20.718Z", "is_superuser": true, "username": "admin", "first_name": "Admin", "last_name": "User", "email": "admin@example.com", "is_staff": true, "is_active": true, "date_joined": "2017-02-17T07:37:53.700Z", "groups": [], "user_permissions": []}}, {"model": "wagtailcore.groupcollectionpermission", "pk": 1, "fields": {"group": 1, "collection": 1, "permission": 1}}, {"model": "wagtailcore.groupcollectionpermission", "pk": 2, "fields": {"group": 2, "collection": 1, "permission": 1}}, {"model": "wagtailcore.groupcollectionpermission", "pk": 3, "fields": {"group": 1, "collection": 1, "permission": 2}}, {"model": "wagtailcore.groupcollectionpermission", "pk": 4, "fields": {"group": 2, "collection": 1, "permission": 2}}, {"model": "wagtailcore.groupcollectionpermission", "pk": 5, "fields": {"group": 1, "collection": 1, "permission": 5}}, {"model": "wagtailcore.groupcollectionpermission", "pk": 6, "fields": {"group": 2, "collection": 1, "permission": 5}}, {"model": "wagtailcore.groupcollectionpermission", "pk": 7, "fields": {"group": 1, "collection": 1, "permission": 6}}, {"model": "wagtailcore.groupcollectionpermission", "pk": 8, "fields": {"group": 2, "collection": 1, "permission": 6}}, {"model": "wagtailcore.grouppagepermission", "pk": 1, "fields": {"group": 1, "page": 1, "permission_type": "add"}}, {"model": "wagtailcore.grouppagepermission", "pk": 2, "fields": {"group": 1, "page": 1, "permission_type": "edit"}}, {"model": "wagtailcore.grouppagepermission", "pk": 3, "fields": {"group": 1, "page": 1, "permission_type": "publish"}}, {"model": "wagtailcore.grouppagepermission", "pk": 4, "fields": {"group": 2, "page": 1, "permission_type": "add"}}, {"model": "wagtailcore.grouppagepermission", "pk": 5, "fields": {"group": 2, "page": 1, "permission_type": "edit"}}, {"model": "wagtailcore.grouppagepermission", "pk": 6, "fields": {"group": 1, "page": 1, "permission_type": "lock"}}, {"model": "wagtailcore.pagerevision", "pk": 1, "fields": {"page": 60, "submitted_for_moderation": false, "created_at": "2018-12-22T13:01:49.332Z", "user": 3, "content_json": "{\"pk\": 60, \"path\": \"00010002\", \"depth\": 2, \"numchild\": 6, \"title\": \"Pain du Monde\", \"draft_title\": \"Welcome to the Wagtail Bakery!\", \"slug\": \"home\", \"content_type\": 9, \"live\": true, \"has_unpublished_changes\": false, \"url_path\": \"/home/\", \"owner\": null, \"seo_title\": \"Home\", \"show_in_menus\": false, \"search_description\": \"\", \"go_live_at\": null, \"expire_at\": null, \"expired\": false, \"locked\": false, \"first_published_at\": \"2017-02-10T16:24:31.388Z\", \"last_published_at\": null, \"latest_revision_created_at\": \"2017-03-29T18:24:51.618Z\", \"live_revision\": null, \"image\": 42, \"hero_text\": \"A sample site designed to demonstrate the capabilities of the Wagtail Content Management System.\", \"hero_cta\": \"Learn more about Wagtail\", \"hero_cta_link\": 76, \"body\": \"[{\\\"type\\\": \\\"paragraph_block\\\", \\\"value\\\": \\\"<p><b>Bread</b> is a <a href=\\\\\\\"https://en.wikipedia.org/wiki/Staple_food\\\\\\\">staple food</a> prepared from a <a href=\\\\\\\"https://en.wikipedia.org/wiki/Dough\\\\\\\">dough</a> of <a href=\\\\\\\"https://en.wikipedia.org/wiki/Flour\\\\\\\">flour</a> and <a href=\\\\\\\"https://en.wikipedia.org/wiki/Water\\\\\\\">water</a>, usually by <a href=\\\\\\\"https://en.wikipedia.org/wiki/Baking\\\\\\\">baking</a>. Throughout recorded history it has been popular around the world and is one of the oldest artificial foods, having been of importance since the dawn of <a href=\\\\\\\"https://en.wikipedia.org/wiki/Agriculture#History\\\\\\\">agriculture</a>.</p><p>Proportions of types of flour and other ingredients vary widely, as do modes of preparation. As a result, types, shapes, sizes, and textures of breads differ around the world. Bread may be <a href=\\\\\\\"https://en.wikipedia.org/wiki/Leaven\\\\\\\">leavened</a> by processes such as reliance on naturally occurring <a href=\\\\\\\"https://en.wikipedia.org/wiki/Sourdough\\\\\\\">sourdough</a> microbes, chemicals, industrially produced yeast, or high-pressure aeration. Some bread is cooked before it can leaven, including for traditional or religious reasons. Non-cereal ingredients such as fruits, nuts and fats may be included. Commercial bread commonly contains additives to improve flavor, texture, color, shelf life, and ease of manufacturing.</p>\\\", \\\"id\\\": \\\"e49ac25d-f04d-4104-bfb6-856f262e0b93\\\"}]\", \"promo_image\": 37, \"promo_title\": \"Our most excellent bread\", \"promo_text\": \"<p>There&#x27;s a lot that we can say about our bread but frankly we think you need to taste it to believe it. Crafted from lines of Python, Django and the old staples of HTML, CSS and JS we think you&#x27;ll love what we&#x27;re baking. With our demonstrations across our fair Island you&#x27;re never far from a treat. Come visit us whenever you&#x27;re nearby.</p>\", \"featured_section_1_title\": \"Breads\", \"featured_section_1\": 3, \"featured_section_2_title\": \"Locations\", \"featured_section_2\": 63, \"featured_section_3_title\": \"Blog\", \"featured_section_3\": 61}", "approved_go_live_at": null}}, {"model": "wagtailcore.pagerevision", "pk": 2, "fields": {"page": 60, "submitted_for_moderation": false, "created_at": "2018-12-22T13:02:04.895Z", "user": 3, "content_json": "{\"pk\": 60, \"path\": \"00010002\", \"depth\": 2, \"numchild\": 6, \"title\": \"Pain du Monde\", \"draft_title\": \"Pain du Monde\", \"slug\": \"home\", \"content_type\": 9, \"live\": true, \"has_unpublished_changes\": false, \"url_path\": \"/home/\", \"owner\": null, \"seo_title\": \"Home\", \"show_in_menus\": false, \"search_description\": \"\", \"go_live_at\": null, \"expire_at\": null, \"expired\": false, \"locked\": false, \"first_published_at\": \"2017-02-10T16:24:31.388Z\", \"last_published_at\": \"2018-12-22T13:01:49.446Z\", \"latest_revision_created_at\": \"2018-12-22T13:01:49.332Z\", \"live_revision\": 1, \"image\": 42, \"hero_text\": \"A sample site designed to demonstrate the capabilities of the Wagtail Content Management System.\", \"hero_cta\": \"Learn more about Wagtail\", \"hero_cta_link\": 76, \"body\": \"[{\\\"type\\\": \\\"paragraph_block\\\", \\\"value\\\": \\\"<p><b>Bread</b> is a <a href=\\\\\\\"https://en.wikipedia.org/wiki/Staple_food\\\\\\\">staple food</a> prepared from a <a href=\\\\\\\"https://en.wikipedia.org/wiki/Dough\\\\\\\">dough</a> of <a href=\\\\\\\"https://en.wikipedia.org/wiki/Flour\\\\\\\">flour</a> and <a href=\\\\\\\"https://en.wikipedia.org/wiki/Water\\\\\\\">water</a>, usually by <a href=\\\\\\\"https://en.wikipedia.org/wiki/Baking\\\\\\\">baking</a>. Throughout recorded history it has been popular around the world and is one of the oldest artificial foods, having been of importance since the dawn of <a href=\\\\\\\"https://en.wikipedia.org/wiki/Agriculture#History\\\\\\\">agriculture</a>.</p><p>Proportions of types of flour and other ingredients vary widely, as do modes of preparation. As a result, types, shapes, sizes, and textures of breads differ around the world. Bread may be <a href=\\\\\\\"https://en.wikipedia.org/wiki/Leaven\\\\\\\">leavened</a> by processes such as reliance on naturally occurring <a href=\\\\\\\"https://en.wikipedia.org/wiki/Sourdough\\\\\\\">sourdough</a> microbes, chemicals, industrially produced yeast, or high-pressure aeration. Some bread is cooked before it can leaven, including for traditional or religious reasons. Non-cereal ingredients such as fruits, nuts and fats may be included. Commercial bread commonly contains additives to improve flavor, texture, color, shelf life, and ease of manufacturing.</p>\\\", \\\"id\\\": \\\"e49ac25d-f04d-4104-bfb6-856f262e0b93\\\"}]\", \"promo_image\": 37, \"promo_title\": \"Our most excellent bread\", \"promo_text\": \"<p>There&#x27;s a lot that we can say about our bread but frankly we think you need to taste it to believe it. Crafted from lines of Python, Django and the old staples of HTML, CSS and JS we think you&#x27;ll love what we&#x27;re baking. With our demonstrations across our fair Island you&#x27;re never far from a treat. Come visit us whenever you&#x27;re nearby.</p>\", \"featured_section_1_title\": \"Breads\", \"featured_section_1\": 3, \"featured_section_2_title\": null, \"featured_section_2\": null, \"featured_section_3_title\": \"Blog\", \"featured_section_3\": 61}", "approved_go_live_at": null}}, {"model": "wagtailcore.page", "pk": 1, "fields": {"path": "0001", "depth": 1, "numchild": 1, "title": "Root", "draft_title": "Root", "slug": "root", "content_type": 1, "live": true, "has_unpublished_changes": false, "url_path": "/", "owner": null, "seo_title": "", "show_in_menus": false, "search_description": "", "go_live_at": null, "expire_at": null, "expired": false, "locked": false, "first_published_at": null, "last_published_at": null, "latest_revision_created_at": null, "live_revision": null}}, {"model": "wagtailcore.page", "pk": 3, "fields": {"path": "000100020001", "depth": 3, "numchild": 11, "title": "Breads", "draft_title": "Breads", "slug": "breads", "content_type": 18, "live": true, "has_unpublished_changes": false, "url_path": "/home/breads/", "owner": null, "seo_title": "", "show_in_menus": true, "search_description": "", "go_live_at": null, "expire_at": null, "expired": false, "locked": false, "first_published_at": "2017-02-10T11:34:11.560Z", "last_published_at": null, "latest_revision_created_at": "2017-03-22T06:54:24.677Z", "live_revision": null}}, {"model": "wagtailcore.page", "pk": 34, "fields": {"path": "0001000200010003", "depth": 4, "numchild": 0, "title": "Anadama", "draft_title": "Anadama", "slug": "anadama-bread", "content_type": 17, "live": true, "has_unpublished_changes": false, "url_path": "/home/breads/anadama-bread/", "owner": null, "seo_title": "", "show_in_menus": false, "search_description": "", "go_live_at": null, "expire_at": null, "expired": false, "locked": false, "first_published_at": "2017-02-10T13:00:21.882Z", "last_published_at": null, "latest_revision_created_at": "2017-02-25T08:27:47.625Z", "live_revision": null}}, {"model": "wagtailcore.page", "pk": 35, "fields": {"path": "0001000200010004", "depth": 4, "numchild": 0, "title": "Anpan", "draft_title": "Anpan", "slug": "anpan", "content_type": 17, "live": true, "has_unpublished_changes": false, "url_path": "/home/breads/anpan/", "owner": null, "seo_title": "", "show_in_menus": false, "search_description": "", "go_live_at": null, "expire_at": null, "expired": false, "locked": false, "first_published_at": "2017-02-10T13:00:21.931Z", "last_published_at": null, "latest_revision_created_at": "2017-02-23T08:31:07.640Z", "live_revision": null}}, {"model": "wagtailcore.page", "pk": 36, "fields": {"path": "0001000200010005", "depth": 4, "numchild": 0, "title": "Appam", "draft_title": "Appam", "slug": "appam-hoppers", "content_type": 17, "live": true, "has_unpublished_changes": false, "url_path": "/home/breads/appam-hoppers/", "owner": null, "seo_title": "", "show_in_menus": false, "search_description": "", "go_live_at": null, "expire_at": null, "expired": false, "locked": false, "first_published_at": "2017-02-10T13:00:21.980Z", "last_published_at": null, "latest_revision_created_at": "2017-02-23T08:14:23.196Z", "live_revision": null}}, {"model": "wagtailcore.page", "pk": 37, "fields": {"path": "0001000200010006", "depth": 4, "numchild": 0, "title": "Arepa", "draft_title": "Arepa", "slug": "arepa", "content_type": 17, "live": true, "has_unpublished_changes": false, "url_path": "/home/breads/arepa/", "owner": null, "seo_title": "", "show_in_menus": false, "search_description": "", "go_live_at": null, "expire_at": null, "expired": false, "locked": false, "first_published_at": "2017-02-10T13:00:22.029Z", "last_published_at": null, "latest_revision_created_at": "2017-02-23T08:10:31.068Z", "live_revision": null}}, {"model": "wagtailcore.page", "pk": 39, "fields": {"path": "0001000200010008", "depth": 4, "numchild": 0, "title": "Bagel", "draft_title": "Bagel", "slug": "bagel", "content_type": 17, "live": true, "has_unpublished_changes": false, "url_path": "/home/breads/bagel/", "owner": null, "seo_title": "", "show_in_menus": false, "search_description": "", "go_live_at": null, "expire_at": null, "expired": false, "locked": false, "first_published_at": "2017-02-10T13:00:22.127Z", "last_published_at": null, "latest_revision_created_at": "2017-02-23T08:01:54.867Z", "live_revision": null}}, {"model": "wagtailcore.page", "pk": 40, "fields": {"path": "0001000200010009", "depth": 4, "numchild": 0, "title": "Baguette", "draft_title": "Baguette", "slug": "baguette-french-stick-french-bread", "content_type": 17, "live": true, "has_unpublished_changes": false, "url_path": "/home/breads/baguette-french-stick-french-bread/", "owner": null, "seo_title": "", "show_in_menus": false, "search_description": "", "go_live_at": null, "expire_at": null, "expired": false, "locked": false, "first_published_at": "2017-02-10T13:00:22.180Z", "last_published_at": null, "latest_revision_created_at": "2017-02-23T08:04:51.407Z", "live_revision": null}}, {"model": "wagtailcore.page", "pk": 42, "fields": {"path": "000100020001000B", "depth": 4, "numchild": 0, "title": "Bammy", "draft_title": "Bammy", "slug": "bammy", "content_type": 17, "live": true, "has_unpublished_changes": false, "url_path": "/home/breads/bammy/", "owner": null, "seo_title": "", "show_in_menus": false, "search_description": "", "go_live_at": null, "expire_at": null, "expired": false, "locked": false, "first_published_at": "2017-02-10T13:00:22.274Z", "last_published_at": null, "latest_revision_created_at": "2017-02-23T08:01:15.242Z", "live_revision": null}}, {"model": "wagtailcore.page", "pk": 49, "fields": {"path": "000100020001000I", "depth": 4, "numchild": 0, "title": "Bazin", "draft_title": "Bazin", "slug": "bazin", "content_type": 17, "live": true, "has_unpublished_changes": false, "url_path": "/home/breads/bazin/", "owner": null, "seo_title": "", "show_in_menus": false, "search_description": "", "go_live_at": null, "expire_at": null, "expired": false, "locked": false, "first_published_at": "2017-02-10T13:00:22.655Z", "last_published_at": null, "latest_revision_created_at": "2017-02-23T08:28:25.337Z", "live_revision": null}}, {"model": "wagtailcore.page", "pk": 53, "fields": {"path": "000100020001000M", "depth": 4, "numchild": 0, "title": "Bhakri", "draft_title": "Bhakri", "slug": "bhakri", "content_type": 17, "live": true, "has_unpublished_changes": false, "url_path": "/home/breads/bhakri/", "owner": null, "seo_title": "", "show_in_menus": false, "search_description": "", "go_live_at": null, "expire_at": null, "expired": false, "locked": false, "first_published_at": "2017-02-10T13:00:22.866Z", "last_published_at": null, "latest_revision_created_at": "2017-02-23T08:26:10.026Z", "live_revision": null}}, {"model": "wagtailcore.page", "pk": 57, "fields": {"path": "000100020001000Q", "depth": 4, "numchild": 0, "title": "Black bread", "draft_title": "Black bread", "slug": "black-bread", "content_type": 17, "live": true, "has_unpublished_changes": false, "url_path": "/home/breads/black-bread/", "owner": null, "seo_title": "", "show_in_menus": false, "search_description": "", "go_live_at": null, "expire_at": null, "expired": false, "locked": false, "first_published_at": "2017-02-10T13:00:23.065Z", "last_published_at": null, "latest_revision_created_at": "2017-02-23T08:20:09.645Z", "live_revision": null}}, {"model": "wagtailcore.page", "pk": 59, "fields": {"path": "000100020001000S", "depth": 4, "numchild": 0, "title": "Bolani", "draft_title": "Bolani", "slug": "bolani", "content_type": 17, "live": true, "has_unpublished_changes": false, "url_path": "/home/breads/bolani/", "owner": null, "seo_title": "", "show_in_menus": false, "search_description": "", "go_live_at": null, "expire_at": null, "expired": false, "locked": false, "first_published_at": "2017-02-10T13:00:23.169Z", "last_published_at": null, "latest_revision_created_at": "2017-02-23T08:08:39.568Z", "live_revision": null}}, {"model": "wagtailcore.page", "pk": 60, "fields": {"path": "00010002", "depth": 2, "numchild": 6, "title": "Pain du Monde", "draft_title": "Pain du Monde", "slug": "home", "content_type": 9, "live": true, "has_unpublished_changes": false, "url_path": "/home/", "owner": null, "seo_title": "Home", "show_in_menus": false, "search_description": "", "go_live_at": null, "expire_at": null, "expired": false, "locked": false, "first_published_at": "2017-02-10T16:24:31.388Z", "last_published_at": "2018-12-22T13:02:04.942Z", "latest_revision_created_at": "2018-12-22T13:02:04.895Z", "live_revision": 2}}, {"model": "wagtailcore.page", "pk": 61, "fields": {"path": "000100020004", "depth": 3, "numchild": 6, "title": "Blog", "draft_title": "Blog", "slug": "blog", "content_type": 12, "live": true, "has_unpublished_changes": false, "url_path": "/home/blog/", "owner": null, "seo_title": "Wagtail Bakeries Blog", "show_in_menus": true, "search_description": "", "go_live_at": null, "expire_at": null, "expired": false, "locked": false, "first_published_at": "2017-02-10T16:25:47.179Z", "last_published_at": null, "latest_revision_created_at": "2017-04-23T20:04:30.432Z", "live_revision": null}}, {"model": "wagtailcore.page", "pk": 62, "fields": {"path": "0001000200040001", "depth": 4, "numchild": 0, "title": "Tracking Wild Yeast", "draft_title": "Tracking Wild Yeast", "slug": "wild-yeast", "content_type": 13, "live": true, "has_unpublished_changes": true, "url_path": "/home/blog/wild-yeast/", "owner": null, "seo_title": "", "show_in_menus": false, "search_description": "", "go_live_at": null, "expire_at": null, "expired": false, "locked": false, "first_published_at": "2017-02-10T16:26:58.040Z", "last_published_at": null, "latest_revision_created_at": "2017-04-01T07:35:45.288Z", "live_revision": null}}, {"model": "wagtailcore.page", "pk": 63, "fields": {"path": "000100020003", "depth": 3, "numchild": 6, "title": "Locations", "draft_title": "Locations", "slug": "locations", "content_type": 23, "live": false, "has_unpublished_changes": true, "url_path": "/home/locations/", "owner": null, "seo_title": "", "show_in_menus": true, "search_description": "", "go_live_at": null, "expire_at": null, "expired": false, "locked": false, "first_published_at": "2017-02-10T16:39:04.527Z", "last_published_at": null, "latest_revision_created_at": "2017-03-06T02:26:16.335Z", "live_revision": null}}, {"model": "wagtailcore.page", "pk": 64, "fields": {"path": "0001000200030001", "depth": 4, "numchild": 0, "title": "Hof", "draft_title": "Hof", "slug": "new-york", "content_type": 22, "live": false, "has_unpublished_changes": true, "url_path": "/home/locations/new-york/", "owner": null, "seo_title": "", "show_in_menus": false, "search_description": "", "go_live_at": null, "expire_at": null, "expired": false, "locked": false, "first_published_at": "2017-02-10T16:39:55.909Z", "last_published_at": null, "latest_revision_created_at": "2017-03-29T17:50:19.047Z", "live_revision": null}}, {"model": "wagtailcore.page", "pk": 65, "fields": {"path": "0001000200030002", "depth": 4, "numchild": 0, "title": "Reykjavik", "draft_title": "Reykjavik", "slug": "reykjavik", "content_type": 22, "live": false, "has_unpublished_changes": true, "url_path": "/home/locations/reykjavik/", "owner": null, "seo_title": "", "show_in_menus": false, "search_description": "", "go_live_at": null, "expire_at": null, "expired": false, "locked": false, "first_published_at": "2017-02-11T23:10:22.386Z", "last_published_at": null, "latest_revision_created_at": "2017-03-29T17:33:10.041Z", "live_revision": null}}, {"model": "wagtailcore.page", "pk": 66, "fields": {"path": "0001000200030003", "depth": 4, "numchild": 0, "title": "Vik", "draft_title": "Vik", "slug": "london", "content_type": 22, "live": false, "has_unpublished_changes": true, "url_path": "/home/locations/london/", "owner": null, "seo_title": "", "show_in_menus": false, "search_description": "", "go_live_at": null, "expire_at": null, "expired": false, "locked": false, "first_published_at": "2017-02-11T23:13:20.488Z", "last_published_at": null, "latest_revision_created_at": "2017-03-29T18:03:09.098Z", "live_revision": null}}, {"model": "wagtailcore.page", "pk": 67, "fields": {"path": "0001000200030004", "depth": 4, "numchild": 0, "title": "Selfoss", "draft_title": "Selfoss", "slug": "wellington", "content_type": 22, "live": false, "has_unpublished_changes": true, "url_path": "/home/locations/wellington/", "owner": null, "seo_title": "", "show_in_menus": false, "search_description": "", "go_live_at": null, "expire_at": null, "expired": false, "locked": false, "first_published_at": "2017-02-11T23:15:58.149Z", "last_published_at": null, "latest_revision_created_at": "2017-03-29T17:29:33.457Z", "live_revision": null}}, {"model": "wagtailcore.page", "pk": 68, "fields": {"path": "0001000200040002", "depth": 4, "numchild": 0, "title": "Bread and Circuses", "draft_title": "Bread and Circuses", "slug": "bread-circuses", "content_type": 13, "live": true, "has_unpublished_changes": false, "url_path": "/home/blog/bread-circuses/", "owner": null, "seo_title": "", "show_in_menus": false, "search_description": "", "go_live_at": null, "expire_at": null, "expired": false, "locked": false, "first_published_at": "2017-02-15T07:42:52.978Z", "last_published_at": null, "latest_revision_created_at": "2017-03-29T06:19:57.009Z", "live_revision": null}}, {"model": "wagtailcore.page", "pk": 69, "fields": {"path": "000100020006", "depth": 3, "numchild": 0, "title": "Contact Us", "draft_title": "Contact Us", "slug": "contact-us", "content_type": 7, "live": true, "has_unpublished_changes": false, "url_path": "/home/contact-us/", "owner": null, "seo_title": "", "show_in_menus": true, "search_description": "", "go_live_at": null, "expire_at": null, "expired": false, "locked": false, "first_published_at": "2017-02-15T16:55:56.085Z", "last_published_at": null, "latest_revision_created_at": "2017-02-15T17:08:05.684Z", "live_revision": null}}, {"model": "wagtailcore.page", "pk": 70, "fields": {"path": "000100020005", "depth": 3, "numchild": 0, "title": "Gallery", "draft_title": "Gallery", "slug": "gallery", "content_type": 8, "live": true, "has_unpublished_changes": false, "url_path": "/home/gallery/", "owner": 3, "seo_title": "", "show_in_menus": true, "search_description": "", "go_live_at": null, "expire_at": null, "expired": false, "locked": false, "first_published_at": "2017-02-17T07:51:47.230Z", "last_published_at": null, "latest_revision_created_at": "2017-02-22T07:57:12.151Z", "live_revision": null}}, {"model": "wagtailcore.page", "pk": 72, "fields": {"path": "0001000200040003", "depth": 4, "numchild": 0, "title": "The Great Icelandic Baking Show", "draft_title": "The Great Icelandic Baking Show", "slug": "icelandic-baking", "content_type": 13, "live": true, "has_unpublished_changes": false, "url_path": "/home/blog/icelandic-baking/", "owner": 3, "seo_title": "", "show_in_menus": false, "search_description": "", "go_live_at": null, "expire_at": null, "expired": false, "locked": false, "first_published_at": "2017-02-21T08:07:11.832Z", "last_published_at": null, "latest_revision_created_at": "2017-03-29T06:52:34.448Z", "live_revision": null}}, {"model": "wagtailcore.page", "pk": 73, "fields": {"path": "0001000200040004", "depth": 4, "numchild": 0, "title": "The Joy of (Baking) Soda", "draft_title": "The Joy of (Baking) Soda", "slug": "joy-baking-soda", "content_type": 13, "live": true, "has_unpublished_changes": false, "url_path": "/home/blog/joy-baking-soda/", "owner": 3, "seo_title": "", "show_in_menus": false, "search_description": "", "go_live_at": null, "expire_at": null, "expired": false, "locked": false, "first_published_at": "2017-02-21T08:12:04.176Z", "last_published_at": null, "latest_revision_created_at": "2017-03-29T06:58:56.151Z", "live_revision": null}}, {"model": "wagtailcore.page", "pk": 74, "fields": {"path": "0001000200040005", "depth": 4, "numchild": 0, "title": "The Greatest Thing Since Sliced Bread", "draft_title": "The Greatest Thing Since Sliced Bread", "slug": "sliced-bread", "content_type": 13, "live": true, "has_unpublished_changes": true, "url_path": "/home/blog/sliced-bread/", "owner": 3, "seo_title": "", "show_in_menus": false, "search_description": "", "go_live_at": null, "expire_at": null, "expired": false, "locked": false, "first_published_at": "2017-02-21T08:17:21.604Z", "last_published_at": null, "latest_revision_created_at": "2017-04-01T07:35:26.199Z", "live_revision": null}}, {"model": "wagtailcore.page", "pk": 76, "fields": {"path": "000100020007", "depth": 3, "numchild": 0, "title": "About", "draft_title": "About", "slug": "about", "content_type": 11, "live": true, "has_unpublished_changes": false, "url_path": "/home/about/", "owner": 3, "seo_title": "", "show_in_menus": true, "search_description": "", "go_live_at": null, "expire_at": null, "expired": false, "locked": false, "first_published_at": "2017-03-17T07:03:16.637Z", "last_published_at": null, "latest_revision_created_at": "2017-03-17T07:47:50.894Z", "live_revision": null}}, {"model": "wagtailcore.page", "pk": 77, "fields": {"path": "0001000200040006", "depth": 4, "numchild": 0, "title": "Desserts with Benefits", "draft_title": "Desserts with Benefits", "slug": "desserts-benefits", "content_type": 13, "live": true, "has_unpublished_changes": false, "url_path": "/home/blog/desserts-benefits/", "owner": 3, "seo_title": "", "show_in_menus": false, "search_description": "", "go_live_at": null, "expire_at": null, "expired": false, "locked": false, "first_published_at": "2017-03-22T06:31:05.324Z", "last_published_at": null, "latest_revision_created_at": "2017-04-23T20:03:47.050Z", "live_revision": null}}, {"model": "wagtailcore.page", "pk": 78, "fields": {"path": "0001000200030005", "depth": 4, "numchild": 0, "title": "H\u00f6fn", "draft_title": "H\u00f6fn", "slug": "hofn", "content_type": 22, "live": false, "has_unpublished_changes": true, "url_path": "/home/locations/hofn/", "owner": 3, "seo_title": "", "show_in_menus": false, "search_description": "", "go_live_at": null, "expire_at": null, "expired": false, "locked": false, "first_published_at": "2017-02-11T23:10:22.386Z", "last_published_at": null, "latest_revision_created_at": "2017-03-29T18:05:47.930Z", "live_revision": null}}, {"model": "wagtailcore.page", "pk": 79, "fields": {"path": "0001000200030006", "depth": 4, "numchild": 0, "title": "Akranes", "draft_title": "Akranes", "slug": "akranes", "content_type": 22, "live": false, "has_unpublished_changes": true, "url_path": "/home/locations/akranes/", "owner": 3, "seo_title": "", "show_in_menus": false, "search_description": "", "go_live_at": null, "expire_at": null, "expired": false, "locked": false, "first_published_at": "2017-02-11T23:10:22.386Z", "last_published_at": null, "latest_revision_created_at": "2017-03-29T18:09:44.290Z", "live_revision": null}}, {"model": "wagtailimages.image", "pk": 8, "fields": {"collection": 3, "title": "Robert Johnson", "file": "original_images/robert_johnson2.jpg", "width": 300, "height": 282, "created_at": "2017-02-17T07:43:46.304Z", "uploaded_by_user": 3, "focal_point_x": null, "focal_point_y": null, "focal_point_width": null, "focal_point_height": null, "file_size": 17829, "file_hash": ""}}, {"model": "wagtailimages.image", "pk": 9, "fields": {"collection": 2, "title": "Breads 1", "file": "original_images/breads1.jpg", "width": 1080, "height": 831, "created_at": "2017-02-17T08:10:34.237Z", "uploaded_by_user": 3, "focal_point_x": null, "focal_point_y": null, "focal_point_width": null, "focal_point_height": null, "file_size": 173675, "file_hash": ""}}, {"model": "wagtailimages.image", "pk": 10, "fields": {"collection": 2, "title": "Breads 2", "file": "original_images/breads2.jpg", "width": 1080, "height": 1151, "created_at": "2017-02-17T08:10:34.344Z", "uploaded_by_user": 3, "focal_point_x": null, "focal_point_y": null, "focal_point_width": null, "focal_point_height": null, "file_size": 506419, "file_hash": ""}}, {"model": "wagtailimages.image", "pk": 11, "fields": {"collection": 2, "title": "Breads 3", "file": "original_images/breads3.jpg", "width": 1080, "height": 1080, "created_at": "2017-02-17T08:10:34.580Z", "uploaded_by_user": 3, "focal_point_x": null, "focal_point_y": null, "focal_point_width": null, "focal_point_height": null, "file_size": 166505, "file_hash": ""}}, {"model": "wagtailimages.image", "pk": 12, "fields": {"collection": 2, "title": "Breads 4", "file": "original_images/breads4.jpg", "width": 1080, "height": 1240, "created_at": "2017-02-17T08:10:34.723Z", "uploaded_by_user": 3, "focal_point_x": null, "focal_point_y": null, "focal_point_width": null, "focal_point_height": null, "file_size": 174743, "file_hash": ""}}, {"model": "wagtailimages.image", "pk": 14, "fields": {"collection": 2, "title": "Breads 5", "file": "original_images/bread5.jpg", "width": 800, "height": 600, "created_at": "2017-02-19T08:08:37.723Z", "uploaded_by_user": 3, "focal_point_x": null, "focal_point_y": null, "focal_point_width": null, "focal_point_height": null, "file_size": 127107, "file_hash": ""}}, {"model": "wagtailimages.image", "pk": 15, "fields": {"collection": 2, "title": "Breads 6", "file": "original_images/bread6.jpg", "width": 1008, "height": 756, "created_at": "2017-02-19T08:08:38.028Z", "uploaded_by_user": 3, "focal_point_x": null, "focal_point_y": null, "focal_point_width": null, "focal_point_height": null, "file_size": 247052, "file_hash": ""}}, {"model": "wagtailimages.image", "pk": 21, "fields": {"collection": 2, "title": "Yeast", "file": "original_images/yeast.jpg", "width": 1024, "height": 682, "created_at": "2017-02-21T07:50:10.793Z", "uploaded_by_user": 3, "focal_point_x": null, "focal_point_y": null, "focal_point_width": null, "focal_point_height": null, "file_size": 122348, "file_hash": ""}}, {"model": "wagtailimages.image", "pk": 22, "fields": {"collection": 2, "title": "Bedouins", "file": "original_images/Bedouins_making_bread.jpg", "width": 1000, "height": 669, "created_at": "2017-02-21T07:59:50.671Z", "uploaded_by_user": 3, "focal_point_x": null, "focal_point_y": null, "focal_point_width": null, "focal_point_height": null, "file_size": 408107, "file_hash": ""}}, {"model": "wagtailimages.image", "pk": 23, "fields": {"collection": 2, "title": "\u00d8landshvedebr\u00f8d", "file": "original_images/Olandshvedebrod_6082070226.jpg", "width": 1000, "height": 664, "created_at": "2017-02-21T08:05:08.529Z", "uploaded_by_user": 3, "focal_point_x": null, "focal_point_y": null, "focal_point_width": null, "focal_point_height": null, "file_size": 137708, "file_hash": ""}}, {"model": "wagtailimages.image", "pk": 24, "fields": {"collection": 2, "title": "Soda Bread", "file": "original_images/soda_bread.jpg", "width": 733, "height": 481, "created_at": "2017-02-21T08:10:30.772Z", "uploaded_by_user": 3, "focal_point_x": null, "focal_point_y": null, "focal_point_width": null, "focal_point_height": null, "file_size": 73964, "file_hash": ""}}, {"model": "wagtailimages.image", "pk": 25, "fields": {"collection": 2, "title": "Sandwich Bread", "file": "original_images/sliced.jpg", "width": 1024, "height": 677, "created_at": "2017-02-21T08:15:16.080Z", "uploaded_by_user": 3, "focal_point_x": null, "focal_point_y": null, "focal_point_width": null, "focal_point_height": null, "file_size": 297826, "file_hash": ""}}, {"model": "wagtailimages.image", "pk": 26, "fields": {"collection": 4, "title": "Anadama_bread", "file": "original_images/Anadama_bread_1.jpg", "width": 1200, "height": 800, "created_at": "2017-02-23T07:48:33.730Z", "uploaded_by_user": 3, "focal_point_x": null, "focal_point_y": null, "focal_point_width": null, "focal_point_height": null, "file_size": 72910, "file_hash": ""}}, {"model": "wagtailimages.image", "pk": 28, "fields": {"collection": 4, "title": "Appam", "file": "original_images/Appam_served_with_Coconut_Milk_in_Tamil_Nadu.JPG", "width": 1200, "height": 541, "created_at": "2017-02-23T07:48:34.056Z", "uploaded_by_user": 3, "focal_point_x": null, "focal_point_y": null, "focal_point_width": null, "focal_point_height": null, "file_size": 79398, "file_hash": ""}}, {"model": "wagtailimages.image", "pk": 29, "fields": {"collection": 4, "title": "Arepa", "file": "original_images/Arepa_asada.JPG", "width": 1200, "height": 900, "created_at": "2017-02-23T07:48:34.189Z", "uploaded_by_user": 3, "focal_point_x": null, "focal_point_y": null, "focal_point_width": null, "focal_point_height": null, "file_size": 56891, "file_hash": ""}}, {"model": "wagtailimages.image", "pk": 30, "fields": {"collection": 4, "title": "Bagel", "file": "original_images/Bagel.jpg", "width": 1200, "height": 1038, "created_at": "2017-02-23T07:48:34.296Z", "uploaded_by_user": 3, "focal_point_x": null, "focal_point_y": null, "focal_point_width": null, "focal_point_height": null, "file_size": 104030, "file_hash": ""}}, {"model": "wagtailimages.image", "pk": 31, "fields": {"collection": 4, "title": "Baguette", "file": "original_images/Baguette_de_pain_WikiCheese_Lausanne.jpg", "width": 1200, "height": 583, "created_at": "2017-02-23T07:48:34.417Z", "uploaded_by_user": 3, "focal_point_x": null, "focal_point_y": null, "focal_point_width": null, "focal_point_height": null, "file_size": 41014, "file_hash": ""}}, {"model": "wagtailimages.image", "pk": 32, "fields": {"collection": 4, "title": "Bammies", "file": "original_images/Bammies.jpg", "width": 1200, "height": 1078, "created_at": "2017-02-23T07:48:34.498Z", "uploaded_by_user": 3, "focal_point_x": null, "focal_point_y": null, "focal_point_width": null, "focal_point_height": null, "file_size": 137317, "file_hash": ""}}, {"model": "wagtailimages.image", "pk": 33, "fields": {"collection": 4, "title": "Bazin", "file": "original_images/Bazin.jpg", "width": 1200, "height": 900, "created_at": "2017-02-23T07:48:34.571Z", "uploaded_by_user": 3, "focal_point_x": null, "focal_point_y": null, "focal_point_width": null, "focal_point_height": null, "file_size": 112991, "file_hash": ""}}, {"model": "wagtailimages.image", "pk": 34, "fields": {"collection": 4, "title": "Bunanpankatori", "file": "original_images/Bean-jam-bunanpankatori-cityjapan.JPG", "width": 800, "height": 640, "created_at": "2017-02-23T07:48:34.650Z", "uploaded_by_user": 3, "focal_point_x": null, "focal_point_y": null, "focal_point_width": null, "focal_point_height": null, "file_size": 60721, "file_hash": ""}}, {"model": "wagtailimages.image", "pk": 35, "fields": {"collection": 4, "title": "Belgian Waffle", "file": "original_images/Belgische_waffeln.jpg", "width": 1200, "height": 910, "created_at": "2017-02-23T07:48:34.735Z", "uploaded_by_user": 3, "focal_point_x": null, "focal_point_y": null, "focal_point_width": null, "focal_point_height": null, "file_size": 151259, "file_hash": ""}}, {"model": "wagtailimages.image", "pk": 36, "fields": {"collection": 4, "title": "Afghan Bolani", "file": "original_images/Bolani_Afghan_bread_01.jpg", "width": 1280, "height": 960, "created_at": "2017-02-23T07:48:34.809Z", "uploaded_by_user": 3, "focal_point_x": null, "focal_point_y": null, "focal_point_width": null, "focal_point_height": null, "file_size": 104969, "file_hash": ""}}, {"model": "wagtailimages.image", "pk": 37, "fields": {"collection": 4, "title": "Misc Breads", "file": "original_images/Breads_1.jpg", "width": 1200, "height": 796, "created_at": "2017-02-23T07:48:34.909Z", "uploaded_by_user": 3, "focal_point_x": null, "focal_point_y": null, "focal_point_width": null, "focal_point_height": null, "file_size": 167917, "file_hash": ""}}, {"model": "wagtailimages.image", "pk": 39, "fields": {"collection": 4, "title": "Rye Bread", "file": "original_images/Sourdough_rye_with_walnuts.jpg", "width": 1200, "height": 773, "created_at": "2017-02-23T08:18:10.895Z", "uploaded_by_user": 3, "focal_point_x": null, "focal_point_y": null, "focal_point_width": null, "focal_point_height": null, "file_size": 213288, "file_hash": ""}}, {"model": "wagtailimages.image", "pk": 40, "fields": {"collection": 4, "title": "Bhakri", "file": "original_images/Bhakri_1.jpg", "width": 1200, "height": 900, "created_at": "2017-02-23T08:25:03.822Z", "uploaded_by_user": 3, "focal_point_x": null, "focal_point_y": null, "focal_point_width": null, "focal_point_height": null, "file_size": 193665, "file_hash": ""}}, {"model": "wagtailimages.image", "pk": 41, "fields": {"collection": 3, "title": "Sprint Crew", "file": "original_images/sprint_crew.jpg", "width": 1000, "height": 750, "created_at": "2017-02-24T08:01:50.590Z", "uploaded_by_user": 3, "focal_point_x": null, "focal_point_y": null, "focal_point_width": null, "focal_point_height": null, "file_size": 121235, "file_hash": ""}}, {"model": "wagtailimages.image", "pk": 42, "fields": {"collection": 3, "title": "Baking Soda", "file": "original_images/bakingsoda.jpg", "width": 1024, "height": 678, "created_at": "2017-03-22T06:13:09.773Z", "uploaded_by_user": 3, "focal_point_x": null, "focal_point_y": null, "focal_point_width": null, "focal_point_height": null, "file_size": 87095, "file_hash": ""}}, {"model": "wagtailimages.image", "pk": 43, "fields": {"collection": 3, "title": "Boston Cream Pie", "file": "original_images/bostoncream.jpg", "width": 1024, "height": 683, "created_at": "2017-03-22T06:29:18.751Z", "uploaded_by_user": 3, "focal_point_x": null, "focal_point_y": null, "focal_point_width": null, "focal_point_height": null, "file_size": 117057, "file_hash": ""}}, {"model": "wagtailimages.image", "pk": 44, "fields": {"collection": 1, "title": "Image by \u00c6var Gu\u00f0mundsson", "file": "original_images/aevar-gudmundsson-selfoss.jpg", "width": 1400, "height": 932, "created_at": "2017-03-29T17:27:55.769Z", "uploaded_by_user": 3, "focal_point_x": null, "focal_point_y": null, "focal_point_width": null, "focal_point_height": null, "file_size": 167793, "file_hash": ""}}, {"model": "wagtailimages.image", "pk": 45, "fields": {"collection": 1, "title": "Image by Sverrir Thorolfsson", "file": "original_images/reykjavik-sverrir-thorolfsson.jpg", "width": 992, "height": 971, "created_at": "2017-03-29T17:31:36.429Z", "uploaded_by_user": 3, "focal_point_x": null, "focal_point_y": null, "focal_point_width": null, "focal_point_height": null, "file_size": 206071, "file_hash": ""}}, {"model": "wagtailimages.image", "pk": 46, "fields": {"collection": 1, "title": "Glacier descending near Hof", "file": "original_images/hof-cornell-university-filter.jpg", "width": 1200, "height": 948, "created_at": "2017-03-29T17:46:14.914Z", "uploaded_by_user": 3, "focal_point_x": 518, "focal_point_y": 248, "focal_point_width": 1031, "focal_point_height": 496, "file_size": 279068, "file_hash": ""}}, {"model": "wagtailimages.image", "pk": 47, "fields": {"collection": 1, "title": "Old buildings above Vik", "file": "original_images/vik.jpg", "width": 1400, "height": 981, "created_at": "2017-03-29T18:00:33.977Z", "uploaded_by_user": 3, "focal_point_x": null, "focal_point_y": null, "focal_point_width": null, "focal_point_height": null, "file_size": 207895, "file_hash": ""}}, {"model": "wagtailimages.image", "pk": 48, "fields": {"collection": 1, "title": "Hofn from above", "file": "original_images/Hofn.jpg", "width": 1200, "height": 800, "created_at": "2017-03-29T18:04:27.068Z", "uploaded_by_user": 3, "focal_point_x": null, "focal_point_y": null, "focal_point_width": null, "focal_point_height": null, "file_size": 369123, "file_hash": ""}}, {"model": "wagtailimages.image", "pk": 49, "fields": {"collection": 1, "title": "Arkranes", "file": "original_images/Akranes.jpg", "width": 1200, "height": 800, "created_at": "2017-03-29T18:08:27.770Z", "uploaded_by_user": 3, "focal_point_x": 578, "focal_point_y": 476, "focal_point_width": 1031, "focal_point_height": 537, "file_size": 225856, "file_hash": ""}}, {"model": "wagtailimages.image", "pk": 51, "fields": {"collection": 3, "title": "Muddy Waters", "file": "original_images/muddy_waters_hUPkmSW.jpg", "width": 611, "height": 672, "created_at": "2017-03-31T06:36:23.486Z", "uploaded_by_user": 3, "focal_point_x": null, "focal_point_y": null, "focal_point_width": null, "focal_point_height": null, "file_size": 189650, "file_hash": ""}}, {"model": "wagtailimages.image", "pk": 52, "fields": {"collection": 3, "title": "Howlin Wolf", "file": "original_images/howlin.jpg", "width": 300, "height": 294, "created_at": "2017-04-01T07:30:10.713Z", "uploaded_by_user": 3, "focal_point_x": null, "focal_point_y": null, "focal_point_width": null, "focal_point_height": null, "file_size": 46112, "file_hash": ""}}, {"model": "wagtailimages.image", "pk": 53, "fields": {"collection": 3, "title": "Lightnin' Hopkins", "file": "original_images/lightnin_hopkins.jpg", "width": 150, "height": 162, "created_at": "2017-04-01T07:31:21.251Z", "uploaded_by_user": 3, "focal_point_x": null, "focal_point_y": null, "focal_point_width": null, "focal_point_height": null, "file_size": 18521, "file_hash": ""}}, {"model": "locations.locationpage", "pk": 64, "fields": {"introduction": "Pie gingerbread cake caramels chocolate cake tiramisu wafer. Gummi bears chupa chups chocolate. Topping chupa chups bonbon cake pie caramels. Pie gingerbread cake caramels chocolate cake tiramisu wafer.", "image": 46, "body": "[{\"type\": \"paragraph_block\", \"value\": \"<p><br/></p><p>Chocolate bar I love marzipan chupa chups souffl\\u00e9 chocolate bar. Biscuit caramels lollipop cookie. Macaroon I love tart pudding topping I love. Jujubes macaroon gummies pudding icing cake pastry. Candy canes candy chocolate cake I love chocolate carrot cake halvah. I love croissant I love donut. Chocolate sweet chocolate cake cotton candy souffl\\u00e9 caramels pie tiramisu I love. Lemon drops topping caramels. Pudding candy cotton candy gingerbread jelly beans jelly-o tiramisu cotton candy souffl\\u00e9. Cake bear claw cupcake pastry gummi bears cake.</p>\", \"id\": \"4292133d-df15-468e-a7de-e31a70a27bba\"}, {\"type\": \"heading_block\", \"value\": {\"heading_text\": \"Never say no to more\", \"size\": \"h3\"}, \"id\": \"6093fddb-6c6f-4f5a-80d0-e4c063ec4ed9\"}, {\"type\": \"paragraph_block\", \"value\": \"<p>Muffin wafer chocolate cake bonbon icing chupa chups cupcake. Pudding drag\\u00e9e souffl\\u00e9 icing caramels chupa chups sweet muffin. Pastry fruitcake pastry dessert chupa chups. Sugar plum wafer chupa chups tootsie roll candy chocolate bar souffl\\u00e9 sesame snaps jelly-o. Dessert macaroon jelly fruitcake jujubes marshmallow cake. Gummies souffl\\u00e9 cotton candy candy pastry powder topping muffin cotton candy. I love jelly beans I love I love chocolate cake fruitcake oat cake drag\\u00e9e dessert.</p><p>Chupa chups marzipan pie caramels cotton candy jelly-o. Pie sweet cake souffl\\u00e9 apple pie cake. Chocolate cake chupa chups bear claw cotton candy. I love marshmallow chocolate sweet I love. Drag\\u00e9e donut cotton candy jujubes ice cream. Marshmallow gummies gingerbread marzipan. Caramels tootsie roll cake. Macaroon chocolate liquorice ice cream. Candy biscuit chupa chups chocolate cake cake danish. Sesame snaps I love macaroon cupcake bear claw chocolate cake I love candy canes.</p>\", \"id\": \"04aab593-18bb-414e-8473-001f472e97df\"}]", "address": "Hof 2,\r\nL\u00e6kjarh\u00fas,\r\n785 \u00d6r\u00e6fi,\r\nIceland", "lat_long": "63.9095213,-16.7093877"}}, {"model": "locations.locationpage", "pk": 65, "fields": {"introduction": "Ice cream pie tiramisu carrot cake pie macaroon brownie wafer. Cupcake cookie cotton candy jelly-o macaroon tootsie roll ice cream. Biscuit caramels apple pie. Marshmallow lollipop gingerbread chocolate powder ice cream tootsie roll.", "image": 45, "body": "[{\"type\": \"paragraph_block\", \"value\": \"<p><br/></p><p>Gingerbread jujubes pudding lollipop cake sweet pudding biscuit. Dessert sweet roll gummies. Pudding jujubes powder macaroon. Lollipop sweet roll jelly-o tiramisu chupa chups marzipan tart cookie. Macaroon tootsie roll lemon drops. Fruitcake macaroon liquorice bonbon chocolate bar caramels donut pastry. Wafer candy canes jujubes powder gummi bears candy canes biscuit pastry oat cake. Halvah pastry lemon drops gummi bears lemon drops powder. Tart lollipop bonbon apple pie sugar plum gummies cake.</p><p>Souffl\\u00e9 sweet roll caramels toffee. Ice cream cotton candy jelly-o sweet roll sugar plum dessert chupa chups. Drag\\u00e9e ice cream chocolate cake candy canes sugar plum pudding cheesecake. Tart jelly beans liquorice ice cream gummi bears lollipop tiramisu. Ice cream pie sweet roll liquorice. Tiramisu jujubes lollipop chocolate tiramisu. Cotton candy jelly cake lemon drops lollipop. Tootsie roll chocolate bar jelly-o cookie wafer cookie toffee pastry. Sugar plum chocolate bar jelly beans gummies jujubes sweet chocolate cake.</p><p></p>\", \"id\": \"1df0fe8a-ad08-4a82-b545-ff257f33d0f1\"}]", "address": "Laugavegur 36,\r\n101 Reykjav\u00edk,\r\nIceland", "lat_long": "64.144018, -21.950953"}}, {"model": "locations.locationpage", "pk": 66, "fields": {"introduction": "Chocolate bar tiramisu toffee. Topping pie powder candy canes jujubes liquorice. Apple pie muffin marshmallow tiramisu powder cotton candy topping. Apple pie tiramisu marshmallow sesame snaps.", "image": 47, "body": "[{\"type\": \"paragraph_block\", \"value\": \"<p><br/></p><p>Cupcake ipsum dolor sit. Amet cake bear claw cheesecake marshmallow donut topping. Bonbon tootsie roll tiramisu drag\\u00e9e. Sweet macaroon gummies tootsie roll toffee cupcake jujubes gingerbread. Chocolate bar cupcake danish muffin donut cookie souffl\\u00e9 carrot cake. Cake cake macaroon muffin sesame snaps marzipan apple pie cheesecake.</p>\", \"id\": \"adf9f881-6b13-4d08-953d-063e46c24c87\"}, {\"type\": \"heading_block\", \"value\": {\"heading_text\": \"Now with sugar\", \"size\": \"h3\"}, \"id\": \"a69b9b73-3c15-4cf2-9d9b-6b5d9f1f1140\"}, {\"type\": \"paragraph_block\", \"value\": \"<p>Chocolate caramels cupcake jelly beans icing gummi bears fruitcake gingerbread. Cupcake drag\\u00e9e tootsie roll cheesecake chocolate. Jelly lemon drops lemon drops chocolate. Sesame snaps chocolate bar cheesecake tiramisu gummi bears sweet sesame snaps wafer. Pie cake macaroon sugar plum toffee icing. Bonbon sweet roll cupcake sesame snaps toffee candy fruitcake.</p><p>Cupcake cupcake souffl\\u00e9 jelly beans chocolate cake lemon drops. Dessert chocolate bar cotton candy. Pastry icing oat cake wafer. Marshmallow topping gummies cotton candy cake gingerbread. Donut macaroon carrot cake. Pie candy canes cupcake powder marzipan. Sweet oat cake jelly beans apple pie ice cream. Brownie caramels chupa chups marzipan. Biscuit biscuit croissant fruitcake pastry pastry.</p>\", \"id\": \"772e12fa-cb23-4f9b-a082-efb477c6d730\"}]", "address": "Klettsvegi 1,\r\n870 V\u00edk,\r\nIceland", "lat_long": "63.419061,-19.0064982"}}, {"model": "locations.locationpage", "pk": 67, "fields": {"introduction": "Gummies dessert cake pastry jujubes cotton candy apple pie chocolate bar muffin. Bonbon souffl\u00e9 icing brownie cheesecake candy canes. Sesame snaps chocolate pudding souffl\u00e9 powder pastry pastry jelly beans. Chocolate cake caramels gingerbread bear claw gingerbread jelly-o.", "image": 44, "body": "[{\"type\": \"paragraph_block\", \"value\": \"<p>Jelly-o marzipan fruitcake. Candy marshmallow candy canes macaroon marshmallow marshmallow sesame snaps. Cookie croissant wafer jelly beans. Bonbon sesame snaps danish chocolate bar. Pudding marzipan tootsie roll lollipop sesame snaps souffl\\u00e9 fruitcake. Tootsie roll jujubes cookie chocolate topping cupcake. Pudding cake gummies chupa chups jelly beans gingerbread sesame snaps gummi bears gummies. Chocolate chupa chups jelly candy canes carrot cake croissant ice cream. Bonbon sugar plum jelly beans cake tiramisu. Carrot cake gummies carrot cake macaroon wafer cake cupcake.</p><p>Jelly-o candy canes macaroon chocolate cake cheesecake cake lollipop cookie. Halvah candy topping sugar plum topping sesame snaps cotton candy topping. Sesame snaps brownie chocolate cake. Lemon drops sweet roll cookie drag\\u00e9e chocolate bar sugar plum jelly-o. Liquorice toffee jujubes chocolate cake cheesecake biscuit. Marshmallow chocolate bar oat cake wafer souffl\\u00e9 brownie fruitcake. Oat cake icing cheesecake liquorice caramels.</p>\", \"id\": \"4d1d7ac9-9167-4c9c-aba1-c62b68f799b9\"}, {\"type\": \"heading_block\", \"value\": {\"heading_text\": \"An awesome heading\", \"size\": \"h3\"}, \"id\": \"7ebfede8-d37d-4635-928f-505b511daac6\"}, {\"type\": \"paragraph_block\", \"value\": \"<p>Brownie marzipan marshmallow tart pudding carrot cake. Cheesecake jelly beans gingerbread lollipop. Marshmallow tiramisu jelly beans apple pie gingerbread candy bonbon carrot cake. Pastry candy gummies danish pudding topping. Tart jelly-o chocolate wafer pastry brownie chocolate bar oat cake. Cookie sugar plum liquorice jelly beans. Sweet jujubes candy canes sweet chocolate chocolate cookie chocolate cookie. Cookie pudding toffee tart.</p>\", \"id\": \"d2d10301-33ac-462f-b5c2-01ec2bf78c32\"}]", "address": "Eyravegur,\r\n800 Selfoss,\r\nIceland", "lat_long": "63.9375899, -21.0419085"}}, {"model": "locations.locationpage", "pk": 78, "fields": {"introduction": "Ice cream pie tiramisu carrot cake pie macaroon brownie wafer. Cupcake cookie cotton candy jelly-o macaroon tootsie roll ice cream. Biscuit caramels apple pie. Marshmallow lollipop gingerbread chocolate powder ice cream tootsie roll.", "image": 48, "body": "[{\"type\": \"paragraph_block\", \"value\": \"<p><br/></p><p>Gingerbread jujubes pudding lollipop cake sweet pudding biscuit. Dessert sweet roll gummies. Pudding jujubes powder macaroon. Lollipop sweet roll jelly-o tiramisu chupa chups marzipan tart cookie. Macaroon tootsie roll lemon drops. Fruitcake macaroon liquorice bonbon chocolate bar caramels donut pastry. Wafer candy canes jujubes powder gummi bears candy canes biscuit pastry oat cake. Halvah pastry lemon drops gummi bears lemon drops powder. Tart lollipop bonbon apple pie sugar plum gummies cake.</p><p>Souffl\\u00e9 sweet roll caramels toffee. Ice cream cotton candy jelly-o sweet roll sugar plum dessert chupa chups. Drag\\u00e9e ice cream chocolate cake candy canes sugar plum pudding cheesecake. Tart jelly beans liquorice ice cream gummi bears lollipop tiramisu. Ice cream pie sweet roll liquorice. Tiramisu jujubes lollipop chocolate tiramisu. Cotton candy jelly cake lemon drops lollipop. Tootsie roll chocolate bar jelly-o cookie wafer cookie toffee pastry. Sugar plum chocolate bar jelly beans gummies jujubes sweet chocolate cake.</p><p></p>\", \"id\": \"455bad13-e7a4-4fc6-b453-dd6a1313cba8\"}]", "address": "Hafnarbraut,\r\n780 H\u00f6fn \u00ed Hornafir\u00f0i,\r\nIceland", "lat_long": "64.2518583,-15.2037097"}}, {"model": "locations.locationpage", "pk": 79, "fields": {"introduction": "Ice cream pie tiramisu carrot cake pie macaroon brownie wafer. Cupcake cookie cotton candy jelly-o macaroon tootsie roll ice cream. Biscuit caramels apple pie. Marshmallow lollipop gingerbread chocolate powder ice cream tootsie roll.", "image": 49, "body": "[{\"type\": \"paragraph_block\", \"value\": \"<p><br/></p><p>Gingerbread jujubes pudding lollipop cake sweet pudding biscuit. Dessert sweet roll gummies. Pudding jujubes powder macaroon. Lollipop sweet roll jelly-o tiramisu chupa chups marzipan tart cookie. Macaroon tootsie roll lemon drops. Fruitcake macaroon liquorice bonbon chocolate bar caramels donut pastry. Wafer candy canes jujubes powder gummi bears candy canes biscuit pastry oat cake. Halvah pastry lemon drops gummi bears lemon drops powder. Tart lollipop bonbon apple pie sugar plum gummies cake.</p><p>Souffl\\u00e9 sweet roll caramels toffee. Ice cream cotton candy jelly-o sweet roll sugar plum dessert chupa chups. Drag\\u00e9e ice cream chocolate cake candy canes sugar plum pudding cheesecake. Tart jelly beans liquorice ice cream gummi bears lollipop tiramisu. Ice cream pie sweet roll liquorice. Tiramisu jujubes lollipop chocolate tiramisu. Cotton candy jelly cake lemon drops lollipop. Tootsie roll chocolate bar jelly-o cookie wafer cookie toffee pastry. Sugar plum chocolate bar jelly beans gummies jujubes sweet chocolate cake.</p><p></p>\", \"id\": \"86407037-26e5-422d-b365-aee291d0d09a\"}]", "address": "Skagabraut 43,\r\n300 Akranes,\r\nIceland", "lat_long": "64.3214253,-22.0674947"}}, {"model": "locations.locationsindexpage", "pk": 63, "fields": {"introduction": "You can find our fine bakeries in friendly cities all over the world.", "image": 10}}, {"model": "breads.breadsindexpage", "pk": 3, "fields": {"introduction": "We feature outlandishly delicious breads sourced from every continent (except Antarctica)", "image": 9}}, {"model": "breads.breadpage", "pk": 34, "fields": {"introduction": "It is not readily agreed exactly when or where the bread originated, except it existed before 1850 in Rockport, Massachusetts. It is thought to have come from the local fishing community, but it may have come through the Finnish community of local stonecutters.", "image": 26, "body": "[]", "origin": 3, "bread_type": 4, "ingredients": []}}, {"model": "breads.breadpage", "pk": 35, "fields": {"introduction": "Anpan was first made in 1875, during the Meiji period, by a man called Yasubei Kimura, a samurai who lost his job with the rise of the conscript Imperial Army and the dissolution of the samurai as a social class.", "image": 34, "body": "[]", "origin": 4, "bread_type": 5, "ingredients": []}}, {"model": "breads.breadpage", "pk": 36, "fields": {"introduction": "Appam is a type of pancake made with fermented rice batter and coconut milk. It is a common food in Kerala, Tamil Nadu and Sri Lanka. It is eaten most frequently for breakfast or dinner.", "image": 28, "body": "[]", "origin": 5, "bread_type": 6, "ingredients": []}}, {"model": "breads.breadpage", "pk": 37, "fields": {"introduction": "Arepa  is a type of food made of ground maize dough or cooked flour prominent in the cuisine of Colombia and Venezuela.", "image": 29, "body": "[]", "origin": 6, "bread_type": 7, "ingredients": []}}, {"model": "breads.breadpage", "pk": 39, "fields": {"introduction": "Though the origins of bagels are somewhat obscure, it is known that they were widely consumed in eastern European Jewish communities from the 17th century.", "image": 30, "body": "[]", "origin": 8, "bread_type": 4, "ingredients": []}}, {"model": "breads.breadpage", "pk": 40, "fields": {"introduction": "A baguette has a diameter of about 5 or 6 centimetres  and a usual length of about 65 centimetres (26 in), although a baguette can be up to a metre (39 in) long.", "image": 31, "body": "[]", "origin": 9, "bread_type": 4, "ingredients": []}}, {"model": "breads.breadpage", "pk": 42, "fields": {"introduction": "Bammies, like wheat bread and tortillas, are served at any meal or consumed as a snack.", "image": 32, "body": "[]", "origin": 11, "bread_type": 2, "ingredients": []}}, {"model": "breads.breadpage", "pk": 49, "fields": {"introduction": "When consumed, bazin may be \"crumpled and eaten with the fingers.\"", "image": 33, "body": "[]", "origin": 18, "bread_type": 11, "ingredients": []}}, {"model": "breads.breadpage", "pk": 53, "fields": {"introduction": "Bhakri  is a round flat unleavened bread often used in the cuisine of the state of mainly Maharashtra, but also in Gujarat.", "image": 40, "body": "[]", "origin": 21, "bread_type": 14, "ingredients": []}}, {"model": "breads.breadpage", "pk": 57, "fields": {"introduction": "Rye bread is a type of bread made with various proportions of flour from rye grain", "image": 39, "body": "[]", "origin": 12, "bread_type": 16, "ingredients": []}}, {"model": "breads.breadpage", "pk": 59, "fields": {"introduction": "Perakai is made for special occasions like birthday parties, engagement parties or holidays.", "image": 36, "body": "[]", "origin": 24, "bread_type": 2, "ingredients": []}}, {"model": "blog.blogindexpage", "pk": 3, "fields": {"introduction": "", "image": null}}, {"model": "blog.blogindexpage", "pk": 61, "fields": {"introduction": "Welcome to our blog", "image": 11}}, {"model": "blog.blogpage", "pk": 62, "fields": {"introduction": "Yeasts, with their single-celled growth habit, can be contrasted with molds, which grow hyphae. Fungal species that can take both forms (depending on temperature or other conditions) are called dimorphic fungi (\"dimorphic\" means \"having two forms\").", "image": 21, "body": "[{\"type\": \"paragraph_block\", \"value\": \"<p>Yeasts are eukaryotic, single-celled microorganisms classified as members of the fungus kingdom. The yeast lineage[which?] originated hundreds of millions of years ago, and 1,500 species are currently identified.[1][2][3] They are estimated to constitute 1% of all described fungal species.[4] Yeasts are unicellular organisms which evolved from multicellular ancestors,[5] with some species having the ability to develop multicellular characteristics by forming strings of connected budding cells known as pseudohyphae or false hyphae.[6] Yeast sizes vary greatly, depending on species and environment, typically measuring 3\\u20134 \\u00b5m in diameter, although some yeasts can grow to 40 \\u00b5m in size.[7] Most yeasts reproduce asexually by mitosis, and many do so by the asymmetric division process known as budding.</p><h3>Contrast with Molds</h3><p>Yeasts, with their single-celled growth habit, can be contrasted with molds, which grow hyphae. Fungal species that can take both forms (depending on temperature or other conditions) are called dimorphic fungi (\\\"dimorphic\\\" means \\\"having two forms\\\").<br/></p><p>By fermentation, the yeast species Saccharomyces cerevisiae converts carbohydrates to carbon dioxide and alcohols \\u2013 for thousands of years the carbon dioxide has been used in baking and the alcohol in alcoholic beverages.[8] It is also a centrally important model organism in modern cell biology research, and is one of the most thoroughly researched eukaryotic microorganisms. Researchers have used it to gather information about the biology of the eukaryotic cell and ultimately human biology.[9] Other species of yeasts, such as Candida albicans, are opportunistic pathogens and can cause infections in humans. Yeasts have recently been used to generate electricity in microbial fuel cells,[10] and produce ethanol for the biofuel industry.<br/></p><p>Yeasts do not form a single taxonomic or phylogenetic grouping. The term \\\"yeast\\\" is often taken as a synonym for Saccharomyces cerevisiae,[11] but the phylogenetic diversity of yeasts is shown by their placement in two separate phyla: the Ascomycota and the Basidiomycota. The budding yeasts (\\\"true yeasts\\\") are classified in the order Saccharomycetales,[12] within the phylum Ascomycota.<br/></p>\", \"id\": \"e0baf8c2-d537-417c-bc5a-987e0ee1d567\"}, {\"type\": \"image_block\", \"value\": {\"image\": 39, \"attribution\": \"Creative Commons\", \"caption\": \"Raised Yummy\"}, \"id\": \"3cc3a90f-7a30-4a7a-bcb4-daf209afea81\"}]", "subtitle": "The art of cultivating yeast", "date_published": "2017-01-12"}}, {"model": "blog.blogpage", "pk": 68, "fields": {"introduction": "Baking is a method of cooking food that uses prolonged dry heat, normally in an oven, but also in hot ashes, or on hot stones. The most common baked item is bread but many other types of foods are baked.", "image": 22, "body": "[{\"type\": \"paragraph_block\", \"value\": \"<p>Heat is <b>gradually</b> transferred \\\"from the surface of cakes, cookies, and breads to their centre. As heat travels through it transforms batters and doughs into baked goods with a firm dry crust and a softer centre\\\".[2] Baking can be combined with grilling to produce a hybrid barbecue variant by using both methods simultaneously, or one after the other. Baking is related to barbecuing because the concept of the masonry oven is similar to that of a smoke pit.</p>\", \"id\": \"8e408339-444d-438e-b040-e0aff7860216\"}, {\"type\": \"image_block\", \"value\": {\"image\": 24, \"attribution\": \"Creative Commons\", \"caption\": \"Soda Bread\"}, \"id\": \"ea41b469-90a9-4313-83ba-4be2c011c8c4\"}, {\"type\": \"paragraph_block\", \"value\": \"<p>Because of historical social and familial roles,\\u00a0<a href=\\\"https://en.wikipedia.org/wiki/Baking\\\">baking</a>\\u00a0has traditionally been performed at home by women for domestic consumption and by men in bakeries and restaurants for local consumption. When production was industrialized, baking was automated by machines in large factories. The art of baking remains a fundamental skill and is important for nutrition, as baked goods, especially breads, are a common but important food, both from an economic and cultural point of view. A person who prepares baked goods as a profession is called a baker.</p>\", \"id\": \"082d1ffb-dd21-41ed-89d5-83e616f8aa60\"}, {\"type\": \"image_block\", \"value\": {\"image\": 12, \"attribution\": \"\", \"caption\": \"\"}, \"id\": \"7f970f98-076f-4c39-8870-746a8c0dfd65\"}]", "subtitle": "The art of baking", "date_published": "2017-02-14"}}, {"model": "blog.blogpage", "pk": 72, "fields": {"introduction": "Nordic bread culture has existed in Denmark, Finland, Norway, and Sweden from prehistoric time through to the present.", "image": 23, "body": "[{\"type\": \"paragraph_block\", \"value\": \"<p>Four grain types dominated in the Nordic countries: barley and rye are the oldest; wheat and oats are more recent. During the Iron Age (500 AD \\u2013 1050 AD), rye became the most commonly used grain, followed by barley and oats. Rye was also the most commonly used grain for bread up until the beginning of the 20th century. Today, older grain types such as emmer and spelt are once again being cultivated and new bread types are being developed from these grains.</p><p>Archaeological finds in Denmark indicate use of the two triticum (wheat) species, emmer and einkorn, during the Mesolithic Period (8900 BC \\u2013 3900 BC). There is no direct evidence of bread-making, but cereals have been crushed, cooked and served as porridge since at least 4,200 BC. During the Neolithic Period (3900 BC \\u2013 1800 BC), when agriculture was introduced, barley seems to have taken over to some extent, and ceramic plates apparently used for baking are found. Moulded cereals, with water added to make a dough and baked or fried in the shape of bread, are known as burial gifts in Iron Age graves (200 AD onwards) in the M\\u00e4lardalen area of central Sweden. However, it is not certain that this bread was eaten; it could just have been a burial gift. During the Bronze Age (1800 BC \\u2013 500 AD), oats and the triticum species spelt seem to have been the most commonly used grains, and we see the first real ovens, probably used for baking small loaves and perhaps the first bread (probably around 400 AD).</p><p><br/></p>\", \"id\": \"b5cc0bb5-1c6c-4c6d-ab14-0d0e4a317566\"}, {\"type\": \"image_block\", \"value\": {\"image\": 42, \"attribution\": \"Creative Commons\", \"caption\": \"Baking Soda\"}, \"id\": \"f79cd952-dfcd-4b17-8664-0e802f095a09\"}, {\"type\": \"paragraph_block\", \"value\": \"<p>Scandinavian soldiers in Roman times apparently learned baking techniques when working as mercenaries in the Roman army (200\\u2013400 AD). They subsequently took the technique home with them to show that they had been employed in high status work on the continent[citation needed]. Early Christian traditions promoted an interest in bread. Culturally, German traditions have influenced most of the bread types in the Nordic countries. In the eastern part of Finland, there is a cultural link to Russia and Slavic bread traditions.</p><p>In the Nordic countries, bread was the main part of a meal until the late 18th century. Four different bread regions can be found in the Nordic area in the late 19th century. In the south, soft rye bread dominated. Further north came crisp bread, usually baked with rye, then thin and crispy barley bread. In the far north, soft barley loaves dominated. During the 19th century, potatoes began to become the centrepiece of meals and bread was put aside as an extra source of carbohydrates in a meal. Bread still retained its key function for breakfast, as the open sandwich is a starter for most Nordic people today and potatoes are used as a centrepiece in lunches and dinners.</p>\", \"id\": \"4e4ce927-5ac2-4fbc-ad68-aba443e6c066\"}, {\"type\": \"image_block\", \"value\": {\"image\": 14, \"attribution\": \"Creative Commons\", \"caption\": \"Fresh baked\"}, \"id\": \"e3edab5d-978b-4e97-ab9a-3dcd4fd5f92e\"}, {\"type\": \"paragraph_block\", \"value\": \"<p>A history of Nordic bread from around 1000 AD and some contemporary types and bread innovations is presented below. Countries are presented in alphabetic order (Denmark, Finland, Iceland, Norway and Sweden). The names of the bread types are mostly given in both the contemporary national language and in English.</p>\", \"id\": \"0bfe1200-eb43-48ed-8cab-7bde42bc8ce1\"}]", "subtitle": "Viking bakeries and Norse donuts", "date_published": "2017-03-21"}}, {"model": "blog.blogpage", "pk": 73, "fields": {"introduction": "During the early years of European settlement of the Americas, settlers and some groups of Indigenous peoples of the Americas used soda or pearl ash, more commonly known as potash (pot ash) or potassium carbonate, as a leavening agent (the forerunner to baking soda) in quick breads.", "image": 42, "body": "[{\"type\": \"paragraph_block\", \"value\": \"<p>Since it has long been known and is widely used, the salt has many related names such as baking soda, bread soda, cooking soda, and bicarbonate of soda. In colloquial usage, the names sodium bicarbonate and bicarbonate of soda are often truncated. Forms such as sodium bicarb, bicarb soda, bicarbonate, bicarb, or even bica are common. The word saleratus, from Latin <i>sal \\u00e6ratus</i> meaning \\\"aerated salt\\\", was widely used in the 19th century for both sodium bicarbonate and potassium bicarbonate.</p>\", \"id\": \"89b49c3a-4e29-4f9b-9e8c-290033fa3fd8\"}, {\"type\": \"image_block\", \"value\": {\"image\": 15, \"attribution\": \"Creative Commons\", \"caption\": \"Fresh baked\"}, \"id\": \"47266a9e-c267-4120-99a1-c73b5305b3af\"}, {\"type\": \"paragraph_block\", \"value\": \"<p>The prefix, bi, in bicarbonate comes from an outdated naming system and is based on the observation that there is twice as much carbonate (CO3) per sodium in\\u00a0<a href=\\\"https://en.wikipedia.org/wiki/Sodium_bicarbonate\\\">sodium bicarbonate</a>\\u00a0(NaHCO3) as there is carbonate per sodium in sodium carbonate (Na2CO3) and other carbonates. The modern way of analyzing the situation based on the exact chemical composition (which was unknown when the name sodium bicarbonate was coined) says this the other way around: there is half as much sodium in NaHCO3 as in Na2CO3 (Na versus Na2).</p>\", \"id\": \"5cf44fc0-297a-44fb-a45f-b5035c435cae\"}, {\"type\": \"image_block\", \"value\": {\"image\": 37, \"attribution\": \"Creative Commons\", \"caption\": \"Cornucopia of Breads\"}, \"id\": \"2fed3e74-918b-4f98-9dc4-ecf62af07719\"}]", "subtitle": "The ingredients of traditional soda bread are flour, bread soda, salt, and buttermilk.", "date_published": "2017-02-08"}}, {"model": "blog.blogpage", "pk": 74, "fields": {"introduction": "Sandwich bread (also referred to as sandwich loaf)  is bread that is prepared specifically to be used for the preparation of sandwiches.", "image": 25, "body": "[{\"type\": \"paragraph_block\", \"value\": \"<p>Sandwich breads are produced in many varieties, such as white, whole wheat, sourdough, rye, multigrain and others. Sandwich bread may be formulated to slice easily,[8] cleanly or uniformly, and may have a fine crumb (the soft, inner part of bread) and a light texture.[4] Sandwich bread may be designed to have a balanced proportion of crumb and crust, whereby the bread holds and supports fillings in place and reduces drips and messiness. <a href=\\\"https://en.wikipedia.org/wiki/Sandwich_bread\\\">Some may be designed</a> to not become crumbly, hardened, dried or have too squishy a texture.</p>\", \"id\": \"02589a66-17b0-4726-8190-df3c785475a4\"}, {\"type\": \"block_quote\", \"value\": {\"attribute_name\": \"Jim Davis\", \"text\": \"Vegetables are a must on a diet. I suggest carrot cake, zucchini bread, and pumpkin pie.\"}, \"id\": \"264701cd-fa20-40a5-9e07-f32407708d92\"}, {\"type\": \"image_block\", \"value\": {\"image\": 35, \"attribution\": \"Creative Commons\", \"caption\": \"Belgian Waffle\"}, \"id\": \"66a32064-e0a0-4cc3-a622-f50c9b2952f9\"}, {\"type\": \"paragraph_block\", \"value\": \"<p>Sandwich bread can refer to cross-sectionally square, sliced white and wheat bread, which has been described as \\\"perfectly designed for holding square luncheon meat\\\".[10] The bread used for preparing finger sandwiches is sometimes referred to as sandwich bread.[10] Pan de molde is a sandwich loaf.[11][12] Some sandwich breads are designed for use in the creation of specific types of sandwiches, such as the submarine sandwich.[13] For barbecuing, use of a high-quality white sandwich bread has been described as suitable for toasting over a fire.[14] Gluten-free sandwich bread may be prepared using gluten-free flour, teff flour.[15][16] and other ingredients.<br/></p><p>In the 1930s in the United States, the term sandwich loaf referred to sliced bread.[10] In contemporary times, U.S. consumers sometimes refer to white bread such as Wonder Bread as sandwich bread and sandwich loaf.[1] Wonder Bread produced and marketed a bread called Wonder Round sandwich bread, which was designed to be used with round-shaped cold cuts and other fillings such as eggs and hamburgers, but it was discontinued due to low consumer demand.[17] American sandwich breads have historically included some fat derived from the use of milk or oil to enrich the bread.</p>\", \"id\": \"facfb610-6320-41ec-b6d5-c63a5076fcc7\"}]", "subtitle": "Innovation in the brick oven", "date_published": "2017-02-02"}}, {"model": "blog.blogpage", "pk": 77, "fields": {"introduction": "A Boston cream pie is a yellow butter cake that is filled with custard or cream and topped with chocolate glaze.", "image": 43, "body": "[{\"type\": \"paragraph_block\", \"value\": \"<p>Despite its name, it is in fact a cake, and not a pie.[2] The dessert acquired its name when cakes and pies were cooked in the same pans, and the words were used interchangeably.[3] In the latter part of the 19th century, this type of cake was variously called a \\\"cream pie\\\", a \\\"chocolate cream pie\\\", or a \\\"custard cake\\\".[3]</p><p>Owners of the Parker House Hotel in Boston claim that the Boston cream pie was first created at the hotel by Armenian-French chef M. Sanzian in 1856.[4] Called a \\\"Chocolate Cream Pie\\\", this cake consisted of two layers of French butter sponge cake filled with cr\\u00e8me p\\u00e2tissi\\u00e8re and brushed with a rum syrup, its side coated with cr\\u00e8me p\\u00e2tissi\\u00e8re overlain with toasted sliced almonds, and the top coated with chocolate fondant.[5] However, historians dispute this claim to primacy; while this cake may have been served then, there is no specific contemporaneous evidence of it, and custard-filled cake was already popular at that time.[3]</p>\", \"id\": \"b3fd256c-61a4-46d9-b329-482c5df7e42c\"}, {\"type\": \"image_block\", \"value\": {\"image\": 15, \"attribution\": \"Creative Commons\", \"caption\": \"Central Bakery\"}, \"id\": \"14721f2f-002d-4cc3-af5e-d452ee26cfaa\"}, {\"type\": \"paragraph_block\", \"value\": \"<p>The cake is likely derived from the Washington pie, a two-layer yellow cake filled with jam and topped with confectioner's sugar, for which pastry cream of custard eventually replaced the jam, and a chocolate glaze replaced the confectioner's sugar.[2] Today, the cake is topped with a chocolate glaze (such as ganache) and sometimes powdered sugar or a cherry.</p><p>The name first appeared in the 1872 Methodist Almanac.[3] Another early printed use of the term \\\"Boston cream pie\\\" occurred in the Granite Iron Ware Cook Book, printed in 1878.[2] The earliest known recipe of the modern variant was printed in Miss Parloa's Kitchen Companion in 1887 as \\\"Chocolate Cream Pie\\\".[2]</p>\", \"id\": \"90c966a5-e70c-4602-80bc-e584f56830d0\"}]", "subtitle": "Banana toffee chocolate pie?", "date_published": "2017-02-24"}}, {"model": "base.formpage", "pk": 69, "fields": {"to_address": "us@example.com", "from_address": "you@example.com", "subject": "Contact message from Wagtail Demo site", "image": null, "body": "[{\"type\": \"paragraph_block\", \"value\": \"<p>We'd love to hear from you! Drop us a line to let us know what you liked or didn't like about your recent store visit, or if you have comments or questions about this site.\\u00a0</p><p>This form is for demo purposes only - email goes nowhere. Developers: \\u00a0Edit the \\\"To Address\\\" field in the Form object in the Wagtail admin, and see the Email notes in the project readme to make your instance send live email.</p>\", \"id\": \"f3fac9d1-1f13-4c57-b3ea-fff04b0eb66e\"}]", "thank_you_text": "<p>Thanks!</p><p>We've received your message and will get back to you shortly.</p>"}}, {"model": "base.gallerypage", "pk": 70, "fields": {"introduction": "Some of our best-baked images, from around the world.", "image": 23, "body": "[]", "collection": 2}}, {"model": "base.homepage", "pk": 60, "fields": {"image": 42, "hero_text": "A sample site designed to demonstrate the capabilities of the Wagtail Content Management System.", "hero_cta": "Learn more about Wagtail", "hero_cta_link": 76, "body": "[{\"type\": \"paragraph_block\", \"value\": \"<p><b>Bread</b> is a <a href=\\\"https://en.wikipedia.org/wiki/Staple_food\\\">staple food</a> prepared from a <a href=\\\"https://en.wikipedia.org/wiki/Dough\\\">dough</a> of <a href=\\\"https://en.wikipedia.org/wiki/Flour\\\">flour</a> and <a href=\\\"https://en.wikipedia.org/wiki/Water\\\">water</a>, usually by <a href=\\\"https://en.wikipedia.org/wiki/Baking\\\">baking</a>. Throughout recorded history it has been popular around the world and is one of the oldest artificial foods, having been of importance since the dawn of <a href=\\\"https://en.wikipedia.org/wiki/Agriculture#History\\\">agriculture</a>.</p><p>Proportions of types of flour and other ingredients vary widely, as do modes of preparation. As a result, types, shapes, sizes, and textures of breads differ around the world. Bread may be <a href=\\\"https://en.wikipedia.org/wiki/Leaven\\\">leavened</a> by processes such as reliance on naturally occurring <a href=\\\"https://en.wikipedia.org/wiki/Sourdough\\\">sourdough</a> microbes, chemicals, industrially produced yeast, or high-pressure aeration. Some bread is cooked before it can leaven, including for traditional or religious reasons. Non-cereal ingredients such as fruits, nuts and fats may be included. Commercial bread commonly contains additives to improve flavor, texture, color, shelf life, and ease of manufacturing.</p>\", \"id\": \"e49ac25d-f04d-4104-bfb6-856f262e0b93\"}]", "promo_image": 37, "promo_title": "Our most excellent bread", "promo_text": "<p>There&#x27;s a lot that we can say about our bread but frankly we think you need to taste it to believe it. Crafted from lines of Python, Django and the old staples of HTML, CSS and JS we think you&#x27;ll love what we&#x27;re baking. With our demonstrations across our fair Island you&#x27;re never far from a treat. Come visit us whenever you&#x27;re nearby.</p>", "featured_section_1_title": "Breads", "featured_section_1": 3, "featured_section_2_title": null, "featured_section_2": null, "featured_section_3_title": "Blog", "featured_section_3": 61}}, {"model": "base.standardpage", "pk": 76, "fields": {"introduction": "Things to know about this demo site", "image": 41, "body": "[{\"type\": \"paragraph_block\", \"value\": \"<h2>Welcome to the Wagtail Demo Site!</h2><p>If you've gotten this far, congratulations - you're running an instance of a killer content management system written for and on top of Django, <i>the framework for perfectionists with deadlines.</i></p><p>What does Wagtail get you that Django alone does not?\\u00a0</p><p></p><ul><li>Focus on content creators/managers, rather than developers (but developer-friendly!)</li><li>\\\"Page-centric\\\" content modeling</li><li>Beautiful, modern, intuitive user interface optimized for content people</li><li>Super-powerful hierarchical content management (\\\"content trees\\\")</li><li>User- and group-based permissions system attached to content hierarchies</li><li>Flexible image resizing with a ton of image display helpers</li><li>Innovative \\\"<a href=\\\"https://torchbox.com/blog/rich-text-fields-and-faster-horses/\\\">StreamFields</a>\\\" as an alternative to traditional \\\"anything goes\\\" rich text fields</li><li>Intuitive choosers for embedded Pages, Images, Documents and other content</li><li>Native integration with ElasticSearch to help you build powerful search features</li><li>Template tags to help create image renditions, smart links, and to navigate content trees</li></ul><p>If you're new to Wagtail, there are two primary paths to learning:</p><p></p><ul><li>The source code that powers this demo site</li><li>The official <a href=\\\"http://docs.wagtail.io/en/stable/getting_started/index.html\\\">tutorial</a></li></ul><h3>Wagtail Features Demonstrated in This Demo</h3><p></p><p>This demo is aimed primarily at developers wanting to learn more about the internals of Wagtail, and assumes you'll be reading its source code. After browsing the features, pay special attention to code we've used for:</p><p></p><ul><li>Dividing a project up into multiple apps</li><li>Custom content models and \\\"contexts\\\" in the \\\"breads\\\" and \\\"locations\\\" apps</li><li>A typical weblog in the \\\"blog\\\" app</li><li>Example of using a \\\"base\\\" app to contain misc additional functionality (e.g. Contact Form, About, etc.)</li><li>\\\"StandardPage\\\" model using mixins borrowed from other apps</li><li>Example of customizing the Wagtail Admin via <i>wagtail_hooks</i></li><li>Example of using the Wagtail \\\"snippets\\\" system to represent bread categories, countries and ingredients</li><li>Example of a custom \\\"Galleries\\\" feature that pulls in images used in other content types in the system</li><li>Example of creating ManyToMany relationships via the Ingredients feature on BreadPage</li><li>Lots more</li></ul><p></p><p></p>\", \"id\": \"8a5e2865-bd1e-4c25-8bd6-4b96c0c47ea0\"}]"}}]